Symbol,Date,Open,High,Low,Close,Volume
AAME,01-Jan-1999,4.875,4.875,4.875,4.875,0
AAON,01-Jan-1999,0.8181,0.8181,0.8181,0.8181,0
AAPL,01-Jan-1999,1.4621,1.4621,1.4621,1.4621,0
ABCB,01-Jan-1999,10.5208,10.5208,10.5208,10.5208,0
ABMD,01-Jan-1999,4.9063,4.9063,4.9063,4.9063,0
ACGL,01-Jan-1999,2.4167,2.4167,2.4167,2.4167,0
ACMR,01-Jan-1999,6.13,6.13,6.13,6.13,0
ADBE,01-Jan-1999,5.8438,5.8438,5.8438,5.8438,0
ADI,01-Jan-1999,15.69,15.69,15.69,15.69,0
ADP,01-Jan-1999,35.2019,35.2019,35.2019,35.2019,0
ADPT,01-Jan-1999,13.6633,13.6633,13.6633,13.6633,0
ADSK,01-Jan-1999,10.6719,10.6719,10.6719,10.6719,0
ADTN,01-Jan-1999,8.7919,8.7919,8.7919,8.7919,0
AEHR,01-Jan-1999,6.125,6.125,6.125,6.125,0
AEIS,01-Jan-1999,25,25,25,25,0
AEZS,01-Jan-1999,2400,2400,2400,2400,0
AGYS,01-Jan-1999,9.375,9.375,9.375,9.375,0
AHPI,01-Jan-1999,1.625,1.625,1.625,1.625,0
AIRT,01-Jan-1999,5.125,5.125,5.125,5.125,0
ALCO,01-Jan-1999,16.9219,16.9219,16.9219,16.9219,0
ALKS,01-Jan-1999,11.0938,11.0938,11.0938,11.0938,0
ALOT,01-Jan-1999,3.955,3.955,3.955,3.955,0
ALTR,01-Jan-1999,15.2188,15.2188,15.2188,15.2188,0
ALXN,01-Jan-1999,6.6875,6.6875,6.6875,6.6875,0
AMAT,01-Jan-1999,10.6719,10.6719,10.6719,10.6719,0
AMD,01-Jan-1999,14.5,14.5,14.5,14.5,0
AMED,01-Jan-1999,2.156,2.156,2.156,2.156,0
AMGN,01-Jan-1999,26.14,26.14,26.14,26.14,0
AMKR,01-Jan-1999,10.8125,10.8125,10.8125,10.8125,0
AMNB,01-Jan-1999,16.5,16.5,16.5,16.5,0
AMOT,01-Jan-1999,1,1,1,1,0
AMPH,01-Jan-1999,4.5,4.5,4.5,4.5,0
AMRB,01-Jan-1999,8.9533,8.9533,8.9533,8.9533,0
AMRN,01-Jan-1999,3.5625,3.5625,3.5625,3.5625,0
AMSC,01-Jan-1999,102.5,102.5,102.5,102.5,0
AMSWA,01-Jan-1999,2.125,2.125,2.125,2.125,0
AMTD,01-Jan-1999,5.25,5.25,5.25,5.25,0
AMWD,01-Jan-1999,17.125,17.125,17.125,17.125,0
AMZN,01-Jan-1999,53.5469,53.5469,53.5469,53.5469,0
ANAT,01-Jan-1999,82.75,82.75,82.75,82.75,0
ANDE,01-Jan-1999,3.854,3.854,3.854,3.854,0
ANIK,01-Jan-1999,5.375,5.375,5.375,5.375,0
ANSS,01-Jan-1999,2.75,2.75,2.75,2.75,0
APOG,01-Jan-1999,11.25,11.25,11.25,11.25,0
ARKR,01-Jan-1999,10.125,10.125,10.125,10.125,0
AROW,01-Jan-1999,14.6512,14.6512,14.6512,14.6512,0
ARQL,01-Jan-1999,4.9375,4.9375,4.9375,4.9375,0
ARTL,01-Jan-1999,1.9365,1.9365,1.9365,1.9365,0
ARTNA,01-Jan-1999,11.567,11.567,11.567,11.567,0
ARTW,01-Jan-1999,5,5,5,5,0
ARTX,01-Jan-1999,2.75,2.75,2.75,2.75,0
ARWR,01-Jan-1999,5.2,5.2,5.2,5.2,0
ASFI,01-Jan-1999,0.4375,0.4375,0.4375,0.4375,0
ASML,01-Jan-1999,10.1719,10.1719,10.1719,10.1719,0
ASRV,01-Jan-1999,19.875,19.875,19.875,19.875,0
ASRVP,01-Jan-1999,25.5,25.5,25.5,25.5,0
ASTE,01-Jan-1999,27.8125,27.8125,27.8125,27.8125,0
ASYS,01-Jan-1999,1.25,1.25,1.25,1.25,0
ATLO,01-Jan-1999,13.8333,13.8333,13.8333,13.8333,0
ATRI,01-Jan-1999,8,8,8,8,0
ATRO,01-Jan-1999,3.7538,3.7538,3.7538,3.7538,0
ATVI,01-Jan-1999,0.927,0.927,0.927,0.927,0
AUBN,01-Jan-1999,17.375,17.375,17.375,17.375,0
AVID,01-Jan-1999,23.375,23.375,23.375,23.375,0
AWRE,01-Jan-1999,27.1875,27.1875,27.1875,27.1875,0
AXTI,01-Jan-1999,9.125,9.125,9.125,9.125,0
AZPN,01-Jan-1999,14.5,14.5,14.5,14.5,0
BANF,01-Jan-1999,17.938,17.938,17.938,17.938,0
BANR,01-Jan-1999,152.6875,152.6875,152.6875,152.6875,0
BASI,01-Jan-1999,3.9375,3.9375,3.9375,3.9375,0
BBBY,01-Jan-1999,17.0625,17.0625,17.0625,17.0625,0
BBSI,01-Jan-1999,5.6667,5.6667,5.6667,5.6667,0
BCPC,01-Jan-1999,1.064,1.064,1.064,1.064,0
BCRX,01-Jan-1999,7,7,7,7,0
BELFA,01-Jan-1999,20,20,20,20,0
BELFB,01-Jan-1999,17.1875,17.1875,17.1875,17.1875,0
BIIB,01-Jan-1999,7.2105,7.2105,7.2105,7.2105,0
BIOS,01-Jan-1999,3.375,3.375,3.375,3.375,0
BJRI,01-Jan-1999,1.3438,1.3438,1.3438,1.3438,0
BKSC,01-Jan-1999,14.0495,14.0495,14.0495,14.0495,0
BLDP,01-Jan-1999,27.5,27.5,27.5,27.5,0
BMRC,01-Jan-1999,12.0149,12.0149,12.0149,12.0149,0
BMTC,01-Jan-1999,13.625,13.625,13.625,13.625,0
BNSO,01-Jan-1999,5.5,5.5,5.5,5.5,0
BOCH,01-Jan-1999,5.3021,5.3021,5.3021,5.3021,0
BOKF,01-Jan-1999,20.935,20.935,20.935,20.935,0
BOOM,01-Jan-1999,1.875,1.875,1.875,1.875,0
BOSC,01-Jan-1999,94,94,94,94,0
BPFH,01-Jan-1999,8.5,8.5,8.5,8.5,0
BPOP,01-Jan-1999,170,170,170,170,0
BRID,01-Jan-1999,12.6875,12.6875,12.6875,12.6875,0
BRKL,01-Jan-1999,5.2584,5.2584,5.2584,5.2584,0
BRKS,01-Jan-1999,14.625,14.625,14.625,14.625,0
BSET,01-Jan-1999,24.125,24.125,24.125,24.125,0
BSRR,01-Jan-1999,8,8,8,8,0
BUSE,01-Jan-1999,12.1667,12.1667,12.1667,12.1667,0
BVSN,01-Jan-1999,32.0625,32.0625,32.0625,32.0625,0
BYFC,01-Jan-1999,3.4688,3.4688,3.4688,3.4688,0
CACC,01-Jan-1999,7.3125,7.3125,7.3125,7.3125,0
CAKE,01-Jan-1999,8.7847,8.7847,8.7847,8.7847,0
CALM,01-Jan-1999,1.1094,1.1094,1.1094,1.1094,0
CAMP,01-Jan-1999,1.9375,1.9375,1.9375,1.9375,0
CASA,01-Jan-1999,4.25,4.25,4.25,4.25,0
CASH,01-Jan-1999,15,15,15,15,0
CASS,01-Jan-1999,14.365,14.365,14.365,14.365,0
CASY,01-Jan-1999,13.0313,13.0313,13.0313,13.0313,0
CATS,01-Jan-1999,0.2031,0.2031,0.2031,0.2031,0
CATY,01-Jan-1999,10.25,10.25,10.25,10.25,0
CBAN,01-Jan-1999,8.16,8.16,8.16,8.16,0
CBRL,01-Jan-1999,23.3125,23.3125,23.3125,23.3125,0
CBSH,01-Jan-1999,31.7126,31.7126,31.7126,31.7126,0
CCBG,01-Jan-1999,17.68,17.68,17.68,17.68,0
CCNE,01-Jan-1999,13.4,13.4,13.4,13.4,0
CDZI,01-Jan-1999,190.625,190.625,190.625,190.625,0
CECE,01-Jan-1999,3,3,3,3,0
CECO,01-Jan-1999,3.75,3.75,3.75,3.75,0
CELG,01-Jan-1999,0.6405,0.6405,0.6405,0.6405,0
CENT,01-Jan-1999,14.375,14.375,14.375,14.375,0
CENX,01-Jan-1999,9.4375,9.4375,9.4375,9.4375,0
CERN,01-Jan-1999,3.3438,3.3438,3.3438,3.3438,0
CERS,01-Jan-1999,21,21,21,21,0
CETV,01-Jan-1999,6.5625,6.5625,6.5625,6.5625,0
CFFI,01-Jan-1999,18.75,18.75,18.75,18.75,0
CGNX,01-Jan-1999,5,5,5,5,0
CHCO,01-Jan-1999,32.5,32.5,32.5,32.5,0
CHDN,01-Jan-1999,32.875,32.875,32.875,32.875,0
CHKP,01-Jan-1999,7.6406,7.6406,7.6406,7.6406,0
CHNR,01-Jan-1999,6.5625,6.5625,6.5625,6.5625,0
CHRS,01-Jan-1999,4.3125,4.3125,4.3125,4.3125,0
CHRW,01-Jan-1999,6.485,6.485,6.485,6.485,0
CINF,01-Jan-1999,33.22,33.22,33.22,33.22,0
CLBK,01-Jan-1999,14.02,14.02,14.02,14.02,0
CLRO,01-Jan-1999,3.88,3.88,3.88,3.88,0
CLWT,01-Jan-1999,5.0364,5.0364,5.0364,5.0364,0
CMCO,01-Jan-1999,18,18,18,18,0
CMCSA,01-Jan-1999,9.5515,9.5515,9.5515,9.5515,0
CMLS,01-Jan-1999,133,133,133,133,0
CMTL,01-Jan-1999,2.5903,2.5903,2.5903,2.5903,0
CNBKA,01-Jan-1999,18.25,18.25,18.25,18.25,0
CNET,01-Jan-1999,13.3125,13.3125,13.3125,13.3125,0
CNMD,01-Jan-1999,22,22,22,22,0
CNOB,01-Jan-1999,17.12,17.12,17.12,17.12,0
CNTY,01-Jan-1999,0.7813,0.7813,0.7813,0.7813,0
COHR,01-Jan-1999,12.4375,12.4375,12.4375,12.4375,0
COHU,01-Jan-1999,11,11,11,11,0
COKE,01-Jan-1999,57.5,57.5,57.5,57.5,0
COLB,01-Jan-1999,13.206,13.206,13.206,13.206,0
COLM,01-Jan-1999,5.625,5.625,5.625,5.625,0
COOP,01-Jan-1999,5.28,5.28,5.28,5.28,0
COST,01-Jan-1999,36.0938,36.0938,36.0938,36.0938,0
CPRT,01-Jan-1999,1.349,1.349,1.349,1.349,0
CPSS,01-Jan-1999,3.875,3.875,3.875,3.875,0
CRAI,01-Jan-1999,21.875,21.875,21.875,21.875,0
CRAY,01-Jan-1999,25,25,25,25,0
CREE,01-Jan-1999,11.9688,11.9688,11.9688,11.9688,0
CRESY,01-Jan-1999,11.875,11.875,11.875,11.875,0
CRMT,01-Jan-1999,3.7917,3.7917,3.7917,3.7917,0
CRUS,01-Jan-1999,9.8125,9.8125,9.8125,9.8125,0
CRVL,01-Jan-1999,3.9185,3.9185,3.9185,3.9185,0
CRZO,01-Jan-1999,1.375,1.375,1.375,1.375,0
CSCO,01-Jan-1999,23.2031,23.2031,23.2031,23.2031,0
CSGP,01-Jan-1999,12.625,12.625,12.625,12.625,0
CSGS,01-Jan-1999,39.5,39.5,39.5,39.5,0
CSPI,01-Jan-1999,7.2188,7.2188,7.2188,7.2188,0
CSTR,01-Jan-1999,10.75,10.75,10.75,10.75,0
CSWC,01-Jan-1999,21.625,21.625,21.625,21.625,0
CSX,01-Jan-1999,6.9167,6.9167,6.9167,6.9167,0
CTAC,01-Jan-1999,9,9,9,9,0
CTAS,01-Jan-1999,46.9531,46.9531,46.9531,46.9531,0
CTBI,01-Jan-1999,14.592,14.592,14.592,14.592,0
CTHR,01-Jan-1999,12.619,12.619,12.619,12.619,0
CTIB,01-Jan-1999,5.5913,5.5913,5.5913,5.5913,0
CTIC,01-Jan-1999,600,600,600,600,0
CTSH,01-Jan-1999,0.633,0.633,0.633,0.633,0
CTWS,01-Jan-1999,18,18,18,18,0
CTXS,01-Jan-1999,19.3197,19.3197,19.3197,19.3197,0
CUBA,01-Jan-1999,4.375,4.375,4.375,4.375,0
CVBF,01-Jan-1999,6.092,6.092,6.092,6.092,0
CVCY,01-Jan-1999,5.938,5.938,5.938,5.938,0
CVLY,01-Jan-1999,12.965,12.965,12.965,12.965,0
CVTI,01-Jan-1999,17.875,17.875,17.875,17.875,0
CWBC,01-Jan-1999,9.625,9.625,9.625,9.625,0
CWCO,01-Jan-1999,3.5,3.5,3.5,3.5,0
CWST,01-Jan-1999,37.125,37.125,37.125,37.125,0
CYAN,01-Jan-1999,4.24,4.24,4.24,4.24,0
CYBE,01-Jan-1999,9.3281,9.3281,9.3281,9.3281,0
CZNC,01-Jan-1999,22.523,22.523,22.523,22.523,0
DAIO,01-Jan-1999,1.7188,1.7188,1.7188,1.7188,0
DAKT,01-Jan-1999,1.484,1.484,1.484,1.484,0
DAVE,01-Jan-1999,2.8125,2.8125,2.8125,2.8125,0
DCOM,01-Jan-1999,6.1111,6.1111,6.1111,6.1111,0
DDMX,01-Jan-1999,3.94,3.94,3.94,3.94,0
DENN,01-Jan-1999,6.1875,6.1875,6.1875,6.1875,0
DGICB,01-Jan-1999,11.719,11.719,11.719,11.719,0
DGII,01-Jan-1999,11.125,11.125,11.125,11.125,0
DHIL,01-Jan-1999,25,25,25,25,0
DIOD,01-Jan-1999,0.989,0.989,0.989,0.989,0
DISH,01-Jan-1999,6.0469,6.0469,6.0469,6.0469,0
DJCO,01-Jan-1999,36.75,36.75,36.75,36.75,0
DLTR,01-Jan-1999,9.7084,9.7084,9.7084,9.7084,0
DRIV,01-Jan-1999,35.5,35.5,35.5,35.5,0
DSGX,01-Jan-1999,6.2344,6.2344,6.2344,6.2344,0
DSPG,01-Jan-1999,9.2611,9.2611,9.2611,9.2611,0
DSWL,01-Jan-1999,4.5555,4.5555,4.5555,4.5555,0
DUSA,01-Jan-1999,7.375,7.375,7.375,7.375,0
DWSN,01-Jan-1999,7.1875,7.1875,7.1875,7.1875,0
DXPE,01-Jan-1999,6.75,6.75,6.75,6.75,0
DXYN,01-Jan-1999,8.125,8.125,8.125,8.125,0
DYNT,01-Jan-1999,12.8125,12.8125,12.8125,12.8125,0
EBAY,01-Jan-1999,4.2336,4.2336,4.2336,4.2336,0
EBIX,01-Jan-1999,7.5556,7.5556,7.5556,7.5556,0
ECHO,01-Jan-1999,8.25,8.25,8.25,8.25,0
ECOL,01-Jan-1999,1.25,1.25,1.25,1.25,0
EDAP,01-Jan-1999,1.3125,1.3125,1.3125,1.3125,0
EDUC,01-Jan-1999,2.3125,2.3125,2.3125,2.3125,0
EEFT,01-Jan-1999,2.6875,2.6875,2.6875,2.6875,0
EFSC,01-Jan-1999,10.1719,10.1719,10.1719,10.1719,0
EGBN,01-Jan-1999,4.5072,4.5072,4.5072,4.5072,0
EGLE,01-Jan-1999,18720,18720,18720,18720,0
ELGX,01-Jan-1999,3.0625,3.0625,3.0625,3.0625,0
ELSE,01-Jan-1999,2.1719,2.1719,2.1719,2.1719,0
ELTK,01-Jan-1999,0.9063,0.9063,0.9063,0.9063,0
EMCI,01-Jan-1999,8.5,8.5,8.5,8.5,0
EMKR,01-Jan-1999,35,35,35,35,0
EMMS,01-Jan-1999,86.75,86.75,86.75,86.75,0
EPIX,01-Jan-1999,186.25,186.25,186.25,186.25,0
ERIE,01-Jan-1999,31.25,31.25,31.25,31.25,0
ESBK,01-Jan-1999,13.6991,13.6991,13.6991,13.6991,0
ESCA,01-Jan-1999,2.9297,2.9297,2.9297,2.9297,0
ESGR,01-Jan-1999,13.125,13.125,13.125,13.125,0
ESLT,01-Jan-1999,12,12,12,12,0
EVOL,01-Jan-1999,3.5625,3.5625,3.5625,3.5625,0
EWBC,01-Jan-1999,4.9375,4.9375,4.9375,4.9375,0
EXPD,01-Jan-1999,5.25,5.25,5.25,5.25,0
EXPO,01-Jan-1999,3,3,3,3,0
EZPW,01-Jan-1999,2.789,2.789,2.789,2.789,0
FARM,01-Jan-1999,21.4,21.4,21.4,21.4,0
FARO,01-Jan-1999,4,4,4,4,0
FAST,01-Jan-1999,5.5,5.5,5.5,5.5,0
FBNC,01-Jan-1999,12.8854,12.8854,12.8854,12.8854,0
FBSS,01-Jan-1999,9.25,9.25,9.25,9.25,0
FCBC,01-Jan-1999,19.3441,19.3441,19.3441,19.3441,0
FCCO,01-Jan-1999,12.4762,12.4762,12.4762,12.4762,0
FCCY,01-Jan-1999,5.5919,5.5919,5.5919,5.5919,0
FCEL,01-Jan-1999,28.1256,28.1256,28.1256,28.1256,0
FCFS,01-Jan-1999,2.386,2.386,2.386,2.386,0
FCNCA,01-Jan-1999,90,90,90,90,0
FDEF,01-Jan-1999,14.25,14.25,14.25,14.25,0
FELE,01-Jan-1999,8.4375,8.4375,8.4375,8.4375,0
FFBC,01-Jan-1999,25.0625,25.0625,25.0625,25.0625,0
FFIC,01-Jan-1999,7.0278,7.0278,7.0278,7.0278,0
FFIN,01-Jan-1999,5.6,5.6,5.6,5.6,0
FFIV,01-Jan-1999,0.188,0.188,0.188,0.188,0
FISV,01-Jan-1999,5.7162,5.7162,5.7162,5.7162,0
FITB,01-Jan-1999,47.5469,47.5469,47.5469,47.5469,0
FLEX,01-Jan-1999,10.7031,10.7031,10.7031,10.7031,0
FLIC,01-Jan-1999,19.5555,19.5555,19.5555,19.5555,0
FLIR,01-Jan-1999,5.813,5.813,5.813,5.813,0
FLXS,01-Jan-1999,12.875,12.875,12.875,12.875,0
FMBI,01-Jan-1999,20.3,20.3,20.3,20.3,0
FNLC,01-Jan-1999,8,8,8,8,0
FONR,01-Jan-1999,1.25,1.25,1.25,1.25,0
FORD,01-Jan-1999,0.75,0.75,0.75,0.75,0
FORM,01-Jan-1999,12.875,12.875,12.875,12.875,0
FORR,01-Jan-1999,21.875,21.875,21.875,21.875,0
FORTY,01-Jan-1999,25,25,25,25,0
FOSL,01-Jan-1999,8.5209,8.5209,8.5209,8.5209,0
FRBK,01-Jan-1999,6.8098,6.8098,6.8098,6.8098,0
FRED,01-Jan-1999,5.3333,5.3333,5.3333,5.3333,0
FRME,01-Jan-1999,22.5678,22.5678,22.5678,22.5678,0
FSTR,01-Jan-1999,6.625,6.625,6.625,6.625,0
FTEK,01-Jan-1999,2,2,2,2,0
FULT,01-Jan-1999,10.7721,10.7721,10.7721,10.7721,0
FUNC,01-Jan-1999,16.625,16.625,16.625,16.625,0
FUND,01-Jan-1999,4.875,4.875,4.875,4.875,0
FWRD,01-Jan-1999,4.1667,4.1667,4.1667,4.1667,0
GABC,01-Jan-1999,12.0127,12.0127,12.0127,12.0127,0
GBCI,01-Jan-1999,7.058,7.058,7.058,7.058,0
GCBC,01-Jan-1999,2.3868,2.3868,2.3868,2.3868,0
GENE,01-Jan-1999,13.75,13.75,13.75,13.75,0
GERN,01-Jan-1999,10.875,10.875,10.875,10.875,0
GFED,01-Jan-1999,11.6875,11.6875,11.6875,11.6875,0
GIFI,01-Jan-1999,7.75,7.75,7.75,7.75,0
GIII,01-Jan-1999,1.2505,1.2505,1.2505,1.2505,0
GILD,01-Jan-1999,1.283,1.283,1.283,1.283,0
GLBZ,01-Jan-1999,12.7777,12.7777,12.7777,12.7777,0
GNTX,01-Jan-1999,5,5,5,5,0
GRIF,01-Jan-1999,12.75,12.75,12.75,12.75,0
GRIN,01-Jan-1999,16.75,16.75,16.75,16.75,0
GROW,01-Jan-1999,0.781,0.781,0.781,0.781,0
GSBC,01-Jan-1999,12.0625,12.0625,12.0625,12.0625,0
GT,01-Jan-1999,50.44,50.44,50.44,50.44,0
GTIM,01-Jan-1999,3.75,3.75,3.75,3.75,0
GYRO,01-Jan-1999,12.0455,12.0455,12.0455,12.0455,0
HAFC,01-Jan-1999,2.9339,2.9339,2.9339,2.9339,0
HAIN,01-Jan-1999,12.5,12.5,12.5,12.5,0
HAS,01-Jan-1999,24.08,24.08,24.08,24.08,0
HBAN,01-Jan-1999,24.8438,24.8438,24.8438,24.8438,0
HBNC,01-Jan-1999,3.2593,3.2593,3.2593,3.2593,0
HCSG,01-Jan-1999,1.8033,1.8033,1.8033,1.8033,0
HDSN,01-Jan-1999,1.5,1.5,1.5,1.5,0
HELE,01-Jan-1999,14.6875,14.6875,14.6875,14.6875,0
HFWA,01-Jan-1999,9.75,9.75,9.75,9.75,0
HIBB,01-Jan-1999,4.793,4.793,4.793,4.793,0
HIFS,01-Jan-1999,16.5,16.5,16.5,16.5,0
HIHO,01-Jan-1999,2.3125,2.3125,2.3125,2.3125,0
HLIT,01-Jan-1999,9.375,9.375,9.375,9.375,0
HMNF,01-Jan-1999,11.75,11.75,11.75,11.75,0
HMSY,01-Jan-1999,2.625,2.625,2.625,2.625,0
HOFT,01-Jan-1999,7.4375,7.4375,7.4375,7.4375,0
HOLX,01-Jan-1999,3.032,3.032,3.032,3.032,0
HOOK,01-Jan-1999,4.5,4.5,4.5,4.5,0
HSIC,01-Jan-1999,22.375,22.375,22.375,22.375,0
HSKA,01-Jan-1999,4.4375,4.4375,4.4375,4.4375,0
HTBK,01-Jan-1999,12.7344,12.7344,12.7344,12.7344,0
HTLD,01-Jan-1999,4.439,4.439,4.439,4.439,0
HTLF,01-Jan-1999,11.8333,11.8333,11.8333,11.8333,0
HUBG,01-Jan-1999,4.844,4.844,4.844,4.844,0
HURC,01-Jan-1999,5.25,5.25,5.25,5.25,0
HWKN,01-Jan-1999,10,10,10,10,0
IART,01-Jan-1999,1.6875,1.6875,1.6875,1.6875,0
IBCP,01-Jan-1999,10.0925,10.0925,10.0925,10.0925,0
IBKC,01-Jan-1999,17.7,17.7,17.7,17.7,0
IBOC,01-Jan-1999,10.6189,10.6189,10.6189,10.6189,0
ICAD,01-Jan-1999,1.25,1.25,1.25,1.25,0
ICCC,01-Jan-1999,1.25,1.25,1.25,1.25,0
ICLR,01-Jan-1999,16.75,16.75,16.75,16.75,0
ICON,01-Jan-1999,37.5,40,36.25,37.5,96200
ICUI,01-Jan-1999,14.6667,14.6667,14.6667,14.6667,0
IDCC,01-Jan-1999,4.5625,4.5625,4.5625,4.5625,0
IDSA,01-Jan-1999,0.8542,0.8542,0.8542,0.8542,0
IDXX,01-Jan-1999,6.7265,6.7265,6.7265,6.7265,0
IIIN,01-Jan-1999,2.435,2.435,2.435,2.435,0
IIVI,01-Jan-1999,0.9844,0.9844,0.9844,0.9844,0
IKNX,01-Jan-1999,4.5417,4.5417,4.5417,4.5417,0
IMGN,01-Jan-1999,2.1875,2.1875,2.1875,2.1875,0
IMKTA,01-Jan-1999,10.21,10.21,10.21,10.21,0
IMMU,01-Jan-1999,4.125,4.125,4.125,4.125,0
INCY,01-Jan-1999,18.6875,18.6875,18.6875,18.6875,0
INDB,01-Jan-1999,17.375,17.375,17.375,17.375,0
INMD,01-Jan-1999,3.192,3.192,3.192,3.192,0
INOD,01-Jan-1999,0.5313,0.5313,0.5313,0.5313,0
INSM,01-Jan-1999,6.75,6.75,6.75,6.75,0
INSU,01-Jan-1999,14.5,14.5,14.5,14.5,0
INTC,01-Jan-1999,29.6406,29.6406,29.6406,29.6406,0
INTG,01-Jan-1999,9.9167,9.9167,9.9167,9.9167,0
INTL,01-Jan-1999,23.375,23.375,23.375,23.375,0
INTU,01-Jan-1999,6.043,6.043,6.043,6.043,0
IPAR,01-Jan-1999,2.72,2.72,2.72,2.72,0
IRIX,01-Jan-1999,4.25,4.25,4.25,4.25,0
ISCA,01-Jan-1999,40.5,40.5,40.5,40.5,0
ISIG,01-Jan-1999,1.5,1.5,1.5,1.5,0
ISNS,01-Jan-1999,2.6875,2.6875,2.6875,2.6875,0
ISRL,01-Jan-1999,2.5,2.5,2.5,2.5,0
ITIC,01-Jan-1999,21,21,21,21,0
ITRI,01-Jan-1999,7.1875,7.1875,7.1875,7.1875,0
IVAC,01-Jan-1999,6.375,6.375,6.375,6.375,0
JAKK,01-Jan-1999,7.1719,7.1719,7.1719,7.1719,0
JBHT,01-Jan-1999,5.75,5.75,5.75,5.75,0
JBSS,01-Jan-1999,4.25,4.25,4.25,4.25,0
JJSF,01-Jan-1999,11.188,11.188,11.188,11.188,0
JKHY,01-Jan-1999,12.4375,12.4375,12.4375,12.4375,0
JOUT,01-Jan-1999,9.25,9.25,9.25,9.25,0
KELYA,01-Jan-1999,31.75,31.75,31.75,31.75,0
KELYB,01-Jan-1999,31,31,31,31,0
KEQU,01-Jan-1999,11.125,11.125,11.125,11.125,0
KFRC,01-Jan-1999,22.25,22.25,22.25,22.25,0
KLAC,01-Jan-1999,21.6875,21.6875,21.6875,21.6875,0
KLIC,01-Jan-1999,8.875,8.875,8.875,8.875,0
KOOL,01-Jan-1999,40,40,40,40,0
KOPN,01-Jan-1999,5.25,5.25,5.25,5.25,0
KOSS,01-Jan-1999,2.75,2.75,2.75,2.75,0
KTCC,01-Jan-1999,3.8125,3.8125,3.8125,3.8125,0
KVHI,01-Jan-1999,1.2188,1.2188,1.2188,1.2188,0
LAKE,01-Jan-1999,4.5078,4.5078,4.5078,4.5078,0
LAMR,01-Jan-1999,37.25,37.25,37.25,37.25,0
LANC,01-Jan-1999,32.125,32.125,32.125,32.125,0
LARK,01-Jan-1999,19.4364,19.4364,19.4364,19.4364,0
LAUR,01-Jan-1999,30.5,30.5,30.5,30.5,0
LAWS,01-Jan-1999,23,23,23,23,0
LBAI,01-Jan-1999,13.1247,13.1247,13.1247,13.1247,0
LCUT,01-Jan-1999,9.75,9.75,9.75,9.75,0
LECO,01-Jan-1999,11.125,11.125,11.125,11.125,0
LFUS,01-Jan-1999,19.25,19.25,19.25,19.25,0
LGND,01-Jan-1999,69.75,69.75,69.75,69.75,0
LIFE,01-Jan-1999,12.5,12.5,12.5,12.5,0
LJPC,01-Jan-1999,4.5,4.5,4.5,4.5,0
LKFN,01-Jan-1999,6.1667,6.1667,6.1667,6.1667,0
LNDC,01-Jan-1999,6,6,6,6,0
LOGC,01-Jan-1999,1.5625,1.5625,1.5625,1.5625,0
LOGI,01-Jan-1999,1.422,1.422,1.422,1.422,0
LPTH,01-Jan-1999,36,36,36,36,0
LRCX,01-Jan-1999,5.94,5.94,5.94,5.94,0
LSCC,01-Jan-1999,11.4844,11.4844,11.4844,11.4844,0
LSTR,01-Jan-1999,5.0938,5.0938,5.0938,5.0938,0
LWAY,01-Jan-1999,1,1,1,1,0
LYTS,01-Jan-1999,11.9666,11.9666,11.9666,11.9666,0
MAGS,01-Jan-1999,2.1882,2.1882,2.1882,2.1882,0
MANH,01-Jan-1999,6.8125,6.8125,6.8125,6.8125,0
MARPS,01-Jan-1999,12.75,12.75,12.75,12.75,0
MAT,01-Jan-1999,23.5,23.5,23.5,23.5,0
MATW,01-Jan-1999,15.75,15.75,15.75,15.75,0
MAYS,01-Jan-1999,7.5,7.5,7.5,7.5,0
MBWM,01-Jan-1999,13.3175,13.3175,13.3175,13.3175,0
MCBC,01-Jan-1999,7.489,7.489,7.489,7.489,0
MCHP,01-Jan-1999,10.9687,10.9687,10.9687,10.9687,0
MCRI,01-Jan-1999,2.625,2.625,2.625,2.625,0
MDCA,01-Jan-1999,9.2031,9.2031,9.2031,9.2031,0
MEOH,01-Jan-1999,5.0625,5.0625,5.0625,5.0625,0
MESA,01-Jan-1999,7.8125,7.8125,7.8125,7.8125,0
MGEE,01-Jan-1999,15.1667,15.1667,15.1667,15.1667,0
MGIC,01-Jan-1999,0.9346,0.9346,0.9346,0.9346,0
MGPI,01-Jan-1999,6.8125,6.8125,6.8125,6.8125,0
MGRC,01-Jan-1999,11,11,11,11,0
MIDD,01-Jan-1999,0.6043,0.6043,0.6043,0.6043,0
MIND,01-Jan-1999,4.5938,4.5938,4.5938,4.5938,0
MINI,01-Jan-1999,5.375,5.375,5.375,5.375,0
MLAB,01-Jan-1999,4.375,4.375,4.375,4.375,0
MLHR,01-Jan-1999,26.875,26.875,26.875,26.875,0
MMSI,01-Jan-1999,1.908,1.908,1.908,1.908,0
MNRO,01-Jan-1999,2.1493,2.1493,2.1493,2.1493,0
MNST,01-Jan-1999,0.1121,0.1121,0.1121,0.1121,0
MRBK,01-Jan-1999,25.68,25.68,25.68,25.68,0
MRCY,01-Jan-1999,14.0625,14.0625,14.0625,14.0625,0
MRTN,01-Jan-1999,2.6187,2.6187,2.6187,2.6187,0
MSEX,01-Jan-1999,12.125,12.125,12.125,12.125,0
MSFT,01-Jan-1999,34.673,34.673,34.673,34.673,0
MSON,01-Jan-1999,5.875,5.875,5.875,5.875,0
MSTR,01-Jan-1999,157.5,157.5,157.5,157.5,0
MTRX,01-Jan-1999,2.375,2.375,2.375,2.375,0
MTSC,01-Jan-1999,13.5,13.5,13.5,13.5,0
MTSL,01-Jan-1999,1.8438,1.8438,1.8438,1.8438,0
MU,01-Jan-1999,25.28,25.28,25.28,25.28,0
MVIS,01-Jan-1999,104,104,104,104,0
MXIM,01-Jan-1999,21.8438,21.8438,21.8438,21.8438,0
MYGN,01-Jan-1999,2.5,2.5,2.5,2.5,0
NAII,01-Jan-1999,11,11,11,11,0
NANO,01-Jan-1999,7.8125,7.8125,7.8125,7.8125,0
NATH,01-Jan-1999,4.2813,4.2813,4.2813,4.2813,0
NATI,01-Jan-1999,10.1111,10.1111,10.1111,10.1111,0
NBIX,01-Jan-1999,6.875,6.875,6.875,6.875,0
NBTB,01-Jan-1999,22.2656,22.2656,22.2656,22.2656,0
NDSN,01-Jan-1999,12.8438,12.8438,12.8438,12.8438,0
NEOG,01-Jan-1999,1.2563,1.2563,1.2563,1.2563,0
NEON,01-Jan-1999,7.63,7.63,7.63,7.63,0
NICE,01-Jan-1999,5.407,5.407,5.407,5.407,0
NICK,01-Jan-1999,1.0417,1.0417,1.0417,1.0417,0
NKSH,01-Jan-1999,12.125,12.125,12.125,12.125,0
NKTR,01-Jan-1999,16.5,16.5,16.5,16.5,0
NNBR,01-Jan-1999,5.875,5.875,5.875,5.875,0
NOVN,01-Jan-1999,5.4375,5.4375,5.4375,5.4375,0
NRIM,01-Jan-1999,11.9603,11.9603,11.9603,11.9603,0
NSEC,01-Jan-1999,11.5625,11.5625,11.5625,11.5625,0
NSIT,01-Jan-1999,22.6094,22.6094,22.6094,22.6094,0
NSSC,01-Jan-1999,0.742,0.742,0.742,0.742,0
NSYS,01-Jan-1999,3.5313,3.5313,3.5313,3.5313,0
NTAP,01-Jan-1999,11.2188,11.2188,11.2188,11.2188,0
NTEC,01-Jan-1999,14.0625,14.0625,14.0625,14.0625,0
NTRS,01-Jan-1999,43.6563,43.6563,43.6563,43.6563,0
NTWK,01-Jan-1999,184.375,184.375,184.375,184.375,0
NVAX,01-Jan-1999,1.94,1.94,1.94,1.94,0
NWFL,01-Jan-1999,14.8333,14.8333,14.8333,14.8333,0
NWPX,01-Jan-1999,16.125,16.125,16.125,16.125,0
NYMX,01-Jan-1999,5,5,5,5,0
NYNY,01-Jan-1999,75,75,75,75,0
OBCI,01-Jan-1999,1.0795,1.0795,1.0795,1.0795,0
OCFC,01-Jan-1999,11.0833,11.0833,11.0833,11.0833,0
ODFL,01-Jan-1999,1.4987,1.4987,1.4987,1.4987,0
OFIX,01-Jan-1999,14,14,14,14,0
OLBK,01-Jan-1999,4.4444,4.4444,4.4444,4.4444,0
OPOF,01-Jan-1999,23,23,23,23,0
OPTN,01-Jan-1999,0.9,0.9,0.9,0.9,0
ORLY,01-Jan-1999,11.8125,11.8125,11.8125,11.8125,0
OSBC,01-Jan-1999,9.9375,9.9375,9.9375,9.9375,0
OSIS,01-Jan-1999,8.625,8.625,8.625,8.625,0
OSUR,01-Jan-1999,5.875,5.875,5.875,5.875,0
OTEX,01-Jan-1999,3.0391,3.0391,3.0391,3.0391,0
OTTR,01-Jan-1999,19.9375,19.9375,19.9375,19.9375,0
OVBC,01-Jan-1999,26.875,26.875,26.875,26.875,0
PAAS,01-Jan-1999,5,5,5,5,0
PANL,01-Jan-1999,3.9375,3.9375,3.9375,3.9375,0
PATK,01-Jan-1999,6.8333,6.8333,6.8333,6.8333,0
PAYX,01-Jan-1999,22.8594,22.8594,22.8594,22.8594,0
PBCT,01-Jan-1999,5.83,5.83,5.83,5.83,0
PBHC,01-Jan-1999,9.125,9.125,9.125,9.125,0
PCAR,01-Jan-1999,7.841,7.841,7.841,7.841,0
PCYO,01-Jan-1999,1.2,1.2,1.2,1.2,0
PDCO,01-Jan-1999,10.875,10.875,10.875,10.875,0
PDEX,01-Jan-1999,1.625,1.625,1.625,1.625,0
PDLI,01-Jan-1999,5.7813,5.7813,5.7813,5.7813,0
PEBK,01-Jan-1999,9.19,9.19,9.19,9.19,0
PEBO,01-Jan-1999,15.8525,15.8525,15.8525,15.8525,0
PEGA,01-Jan-1999,2.0782,2.0782,2.0782,2.0782,0
PENN,01-Jan-1999,1.75,1.75,1.75,1.75,0
PESI,01-Jan-1999,7.5,7.5,7.5,7.5,0
PETS,01-Jan-1999,3.6719,3.6719,3.6719,3.6719,0
PFBI,01-Jan-1999,16.5,16.5,16.5,16.5,0
PFIN,01-Jan-1999,9.875,9.875,9.875,9.875,0
PGNX,01-Jan-1999,12.375,12.375,12.375,12.375,0
PICO,01-Jan-1999,13.25,13.25,13.25,13.25,0
PKOH,01-Jan-1999,15.125,15.125,15.125,15.125,0
PLAB,01-Jan-1999,23.9688,23.9688,23.9688,23.9688,0
PLBC,01-Jan-1999,4.968,4.968,4.968,4.968,0
PLCE,01-Jan-1999,25.125,25.125,25.125,25.125,0
PLPC,01-Jan-1999,28,28,28,28,0
PLUS,01-Jan-1999,4.4688,4.4688,4.4688,4.4688,0
PLXS,01-Jan-1999,16.9375,16.9375,16.9375,16.9375,0
PNBK,01-Jan-1999,88.75,88.75,88.75,88.75,0
PNRG,01-Jan-1999,5.5,5.5,5.5,5.5,0
POOL,01-Jan-1999,2.9861,2.9861,2.9861,2.9861,0
POWI,01-Jan-1999,12.5313,12.5313,12.5313,12.5313,0
POWL,01-Jan-1999,10,10,10,10,0
PPBI,01-Jan-1999,23.125,23.125,23.125,23.125,0
PRCP,01-Jan-1999,6.625,6.625,6.625,6.625,0
PRGS,01-Jan-1999,11.25,11.25,11.25,11.25,0
PRGX,01-Jan-1999,24.9531,24.9531,24.9531,24.9531,0
PROV,01-Jan-1999,7.5833,7.5833,7.5833,7.5833,0
PSMT,01-Jan-1999,17.5,17.5,17.5,17.5,0
PSTI,01-Jan-1999,9.8438,9.8438,9.8438,9.8438,0
PTEN,01-Jan-1999,2.0313,2.0313,2.0313,2.0313,0
PTSI,01-Jan-1999,9,9,9,9,0
PWOD,01-Jan-1999,47.5142,47.5142,47.5142,47.5142,0
PZZA,01-Jan-1999,11.0315,11.0315,11.0315,11.0315,0
QCOM,01-Jan-1999,3.2422,3.2422,3.2422,3.2422,0
QCRH,01-Jan-1999,15.6667,15.6667,15.6667,15.6667,0
QDEL,01-Jan-1999,2.4375,2.4375,2.4375,2.4375,0
RADA,01-Jan-1999,2.44,2.44,2.44,2.44,0
RAND,01-Jan-1999,0.7813,0.7813,0.7813,0.7813,0
RARE,01-Jan-1999,6.2187,6.2187,6.2187,6.2187,0
RAVN,01-Jan-1999,1.3438,1.3438,1.3438,1.3438,0
RBCAA,01-Jan-1999,11.678,11.678,11.678,11.678,0
RBNC,01-Jan-1999,7.6946,7.6946,7.6946,7.6946,0
RCII,01-Jan-1999,12.7,12.7,12.7,12.7,0
RCKY,01-Jan-1999,5.875,5.875,5.875,5.875,0
RCMT,01-Jan-1999,26.5,26.5,26.5,26.5,0
RDCM,01-Jan-1999,3.5,3.5,3.5,3.5,0
REFR,01-Jan-1999,10.5,10.5,10.5,10.5,0
REGN,01-Jan-1999,7.375,7.375,7.375,7.375,0
RELL,01-Jan-1999,9.625,9.625,9.625,9.625,0
RELV,01-Jan-1999,9.702,9.702,9.702,9.702,0
RFIL,01-Jan-1999,1,1,1,1,0
RGCO,01-Jan-1999,5.6121,5.6121,5.6121,5.6121,0
RGEN,01-Jan-1999,1.2813,1.2813,1.2813,1.2813,0
RGLD,01-Jan-1999,3.625,3.625,3.625,3.625,0
RICK,01-Jan-1999,0.625,0.625,0.625,0.625,0
RMBS,01-Jan-1999,24.0625,24.0625,24.0625,24.0625,0
RMCF,01-Jan-1999,1.7046,1.7046,1.7046,1.7046,0
RMTI,01-Jan-1999,2.5,2.5,2.5,2.5,0
RNST,01-Jan-1999,14.367,14.367,14.367,14.367,0
RNWK,01-Jan-1999,8.9688,8.9688,8.9688,8.9688,0
ROCK,01-Jan-1999,15.1667,15.1667,15.1667,15.1667,0
ROST,01-Jan-1999,2.461,2.461,2.461,2.461,0
RUSHB,01-Jan-1999,3.669,3.669,3.669,3.669,0
RVSB,01-Jan-1999,3.063,3.063,3.063,3.063,0
RYAAY,01-Jan-1999,4.719,4.719,4.719,4.719,0
SAFM,01-Jan-1999,10.25,10.25,10.25,10.25,0
SAFT,01-Jan-1999,3.5,3.5,3.5,3.5,0
SANM,01-Jan-1999,15.625,15.625,15.625,15.625,0
SASR,01-Jan-1999,20.0833,20.0833,20.0833,20.0833,0
SBCF,01-Jan-1999,42.9925,42.9925,42.9925,42.9925,0
SBGI,01-Jan-1999,19.5625,19.5625,19.5625,19.5625,0
SBSI,01-Jan-1999,7.2886,7.2886,7.2886,7.2886,0
SBUX,01-Jan-1999,3.508,3.508,3.508,3.508,0
SCHL,01-Jan-1999,26.8125,26.8125,26.8125,26.8125,0
SCHN,01-Jan-1999,4.7917,4.7917,4.7917,4.7917,0
SCKT,01-Jan-1999,0.5938,0.5938,0.5938,0.5938,0
SCON,01-Jan-1999,697.5,697.5,697.5,697.5,0
SCSC,01-Jan-1999,5.375,5.375,5.375,5.375,0
SCVL,01-Jan-1999,7.4167,7.4167,7.4167,7.4167,0
SEAC,01-Jan-1999,4.0781,4.0781,4.0781,4.0781,0
SEIC,01-Jan-1999,8.281,8.281,8.281,8.281,0
SENEA,01-Jan-1999,12.25,12.25,12.25,12.25,0
SENEB,01-Jan-1999,12.375,12.375,12.375,12.375,0
SFBC,01-Jan-1999,13.5781,13.5781,13.5781,13.5781,0
SFNC,01-Jan-1999,9.2813,9.2813,9.2813,9.2813,0
SGMA,01-Jan-1999,3,3,3,3,0
SGMS,01-Jan-1999,1.87,1.87,1.87,1.87,0
SGRP,01-Jan-1999,2.5,2.5,2.5,2.5,0
SHBI,01-Jan-1999,33.5,33.5,33.5,33.5,0
SHEN,01-Jan-1999,3.1685,3.1685,3.1685,3.1685,0
SHLO,01-Jan-1999,13.125,13.125,13.125,13.125,0
SHOO,01-Jan-1999,1.68,1.68,1.68,1.68,0
SIEB,01-Jan-1999,9.375,9.375,9.375,9.375,0
SIGA,01-Jan-1999,1.4375,1.4375,1.4375,1.4375,0
SIGI,01-Jan-1999,10.063,10.063,10.063,10.063,0
SIRI,01-Jan-1999,34.25,34.25,34.25,34.25,0
SIVB,01-Jan-1999,8.5156,8.5156,8.5156,8.5156,0
SKYW,01-Jan-1999,16.3438,16.3438,16.3438,16.3438,0
SLGN,01-Jan-1999,3.475,3.475,3.475,3.475,0
SMBC,01-Jan-1999,3.6563,3.6563,3.6563,3.6563,0
SMIT,01-Jan-1999,11.25,11.25,11.25,11.25,0
SMMF,01-Jan-1999,5,5,5,5,0
SMRT,01-Jan-1999,6.9688,6.9688,6.9688,6.9688,0
SMSI,01-Jan-1999,8.25,8.25,8.25,8.25,0
SMTC,01-Jan-1999,8.9688,8.9688,8.9688,8.9688,0
SNFCA,01-Jan-1999,2.2946,2.2946,2.2946,2.2946,0
SNPS,01-Jan-1999,27.125,27.125,27.125,27.125,0
SONO,01-Jan-1999,10.375,10.375,10.375,10.375,0
SPAR,01-Jan-1999,2.558,2.558,2.558,2.558,0
SPEX,01-Jan-1999,2588.75,2588.75,2588.75,2588.75,0
SPNS,01-Jan-1999,39.6875,39.6875,39.6875,39.6875,0
SPPI,01-Jan-1999,262.5,262.5,262.5,262.5,0
SRCE,01-Jan-1999,33.5,33.5,33.5,33.5,0
SRCL,01-Jan-1999,4.031,4.031,4.031,4.031,0
SRDX,01-Jan-1999,7.75,7.75,7.75,7.75,0
SSTI,01-Jan-1999,0.8125,0.8125,0.8125,0.8125,0
SSYS,01-Jan-1999,1.604,1.604,1.604,1.604,0
STAA,01-Jan-1999,7.8125,7.8125,7.8125,7.8125,0
STBA,01-Jan-1999,27.5625,27.5625,27.5625,27.5625,0
STFC,01-Jan-1999,12.375,12.375,12.375,12.375,0
STKL,01-Jan-1999,0.5938,0.5938,0.5938,0.5938,0
STLD,01-Jan-1999,2.938,2.938,2.938,2.938,0
STRA,01-Jan-1999,35.25,35.25,35.25,35.25,0
STRS,01-Jan-1999,7.5,7.5,7.5,7.5,0
STRT,01-Jan-1999,30,30,30,30,0
STSA,01-Jan-1999,464.64,464.64,464.64,464.64,0
SUNW,01-Jan-1999,10.7031,10.7031,10.7031,10.7031,0
SWKS,01-Jan-1999,12,12,12,12,0
SYBT,01-Jan-1999,7.92,7.92,7.92,7.92,0
SYKE,01-Jan-1999,30.5,30.5,30.5,30.5,0
SYMC,01-Jan-1999,2.7188,2.7188,2.7188,2.7188,0
SYNL,01-Jan-1999,8.75,8.75,8.75,8.75,0
SYPR,01-Jan-1999,5.9375,5.9375,5.9375,5.9375,0
TACT,01-Jan-1999,2.2083,2.2083,2.2083,2.2083,0
TAIT,01-Jan-1999,1.5313,1.5313,1.5313,1.5313,0
TAYD,01-Jan-1999,1.8125,1.8125,1.8125,1.8125,0
TCBK,01-Jan-1999,8.25,8.25,8.25,8.25,0
TCX,01-Jan-1999,18,18,18,18,0
TEAM,01-Jan-1999,6.5,6.5,6.5,6.5,0
TECD,01-Jan-1999,40.25,40.25,40.25,40.25,0
TECH,01-Jan-1999,10.5625,10.5625,10.5625,10.5625,0
TESS,01-Jan-1999,10.116,10.116,10.116,10.116,0
TGEN,01-Jan-1999,1.3125,1.3125,1.3125,1.3125,0
THFF,01-Jan-1999,24.6875,24.6875,24.6875,24.6875,0
THOR,01-Jan-1999,7.125,7.125,7.125,7.125,0
TRIB,01-Jan-1999,5.25,5.25,5.25,5.25,0
TRMB,01-Jan-1999,1.2085,1.2085,1.2085,1.2085,0
TRMK,01-Jan-1999,22.625,22.625,22.625,22.625,0
TRNS,01-Jan-1999,3.375,3.375,3.375,3.375,0
TROW,01-Jan-1999,17.125,17.125,17.125,17.125,0
TRST,01-Jan-1999,11.3451,11.3451,11.3451,11.3451,0
TRUE,01-Jan-1999,12.88,12.88,12.88,12.88,0
TSBK,01-Jan-1999,6.125,6.125,6.125,6.125,0
TSCO,01-Jan-1999,1.5,1.5,1.5,1.5,0
TSEM,01-Jan-1999,142.5,142.5,142.5,142.5,0
TSRI,01-Jan-1999,8.1675,8.1675,8.1675,8.1675,0
TTEC,01-Jan-1999,10.25,10.25,10.25,10.25,0
TTEK,01-Jan-1999,8.663,8.663,8.663,8.663,0
TTWO,01-Jan-1999,5.5,5.5,5.5,5.5,0
TUES,01-Jan-1999,16.1667,16.3333,15.5833,15.75,65600
TW,01-Jan-1999,23.19,23.19,23.19,23.19,0
TWIN,01-Jan-1999,5.155,5.155,5.155,5.155,0
TWMC,01-Jan-1999,19.0625,19.0625,19.0625,19.0625,0
TXN,01-Jan-1999,21.4075,21.4075,21.4075,21.4075,0
UBCP,01-Jan-1999,16.9951,16.9951,16.9951,16.9951,0
UBFO,01-Jan-1999,7.292,7.292,7.292,7.292,0
UBOH,01-Jan-1999,16,16,16,16,0
UBSI,01-Jan-1999,26.5,26.5,26.5,26.5,0
UCBI,01-Jan-1999,6.6667,6.6667,6.6667,6.6667,0
UCFC,01-Jan-1999,8.9531,8.9531,8.9531,8.9531,0
UEIC,01-Jan-1999,5.375,5.375,5.375,5.375,0
UEPS,01-Jan-1999,20.25,20.25,20.25,20.25,0
UFCS,01-Jan-1999,16.8125,16.8125,16.8125,16.8125,0
UFPI,01-Jan-1999,20.0625,20.0625,20.0625,20.0625,0
UFPT,01-Jan-1999,3.125,3.125,3.125,3.125,0
UHAL,01-Jan-1999,27.9375,27.9375,27.9375,27.9375,0
ULBI,01-Jan-1999,5.1875,5.1875,5.1875,5.1875,0
UMBF,01-Jan-1999,19.859,19.859,19.859,19.859,0
UMPQ,01-Jan-1999,9.59,9.59,9.59,9.59,0
UNAM,01-Jan-1999,11.5,11.5,11.5,11.5,0
UNTY,01-Jan-1999,9.5022,9.5022,9.5022,9.5022,0
URBN,01-Jan-1999,2.109,2.109,2.109,2.109,0
USAK,01-Jan-1999,11.625,11.625,11.625,11.625,0
USAP,01-Jan-1999,7.5,7.5,7.5,7.5,0
USEG,01-Jan-1999,12,12,12,12,0
USLM,01-Jan-1999,7.25,7.25,7.25,7.25,0
UTMD,01-Jan-1999,6.5625,6.5625,6.5625,6.5625,0
UVSP,01-Jan-1999,17.1417,17.1417,17.1417,17.1417,0
VALU,01-Jan-1999,28.527,28.527,28.527,28.527,0
VECO,01-Jan-1999,53.125,53.125,53.125,53.125,0
VIA,01-Jan-1999,36.78,36.78,36.78,36.78,0
VIAB,01-Jan-1999,37,37,37,37,0
VICR,01-Jan-1999,9,9,9,9,0
VIVO,01-Jan-1999,3.003,3.003,3.003,3.003,0
VLGEA,01-Jan-1999,3.547,3.547,3.547,3.547,0
VOD,01-Jan-1999,32.226,32.226,32.226,32.226,0
VOXX,01-Jan-1999,5.9375,5.9375,5.9375,5.9375,0
VRSN,01-Jan-1999,14.7813,14.7813,14.7813,14.7813,0
VRTX,01-Jan-1999,14.875,14.875,14.875,14.875,0
VSAT,01-Jan-1999,5.0313,5.0313,5.0313,5.0313,0
VSEC,01-Jan-1999,2.875,2.875,2.875,2.875,0
VVUS,01-Jan-1999,2.5938,2.5938,2.5938,2.5938,0
WABC,01-Jan-1999,36.75,36.75,36.75,36.75,0
WAFD,01-Jan-1999,26.69,26.69,26.69,26.69,0
WASH,01-Jan-1999,21.5,21.5,21.5,21.5,0
WDC,01-Jan-1999,15.06,15.06,15.06,15.06,0
WDFC,01-Jan-1999,28.625,28.625,28.625,28.625,0
WERN,01-Jan-1999,10.6125,10.6125,10.6125,10.6125,0
WEYS,01-Jan-1999,8.4584,8.4584,8.4584,8.4584,0
WINA,01-Jan-1999,13,13,13,13,0
WINS,01-Jan-1999,19,19,19,19,0
WIRE,01-Jan-1999,6.1667,6.1667,6.1667,6.1667,0
WLFC,01-Jan-1999,15.75,15.75,15.75,15.75,0
WRLD,01-Jan-1999,6.5,6.5,6.5,6.5,0
WRLS,01-Jan-1999,2.5,2.5,2.5,2.5,0
WSBC,01-Jan-1999,29.5,29.5,29.5,29.5,0
WSFS,01-Jan-1999,5.625,5.625,5.625,5.625,0
WSTL,01-Jan-1999,19.5,19.5,19.5,19.5,0
WTBA,01-Jan-1999,20.2381,20.2381,20.2381,20.2381,0
WTFC,01-Jan-1999,13.0833,13.0833,13.0833,13.0833,0
WVFC,01-Jan-1999,15.25,15.25,15.25,15.25,0
WVVI,01-Jan-1999,1.9375,1.9375,1.9375,1.9375,0
XLNX,01-Jan-1999,16.2813,16.2813,16.2813,16.2813,0
XOMA,01-Jan-1999,63.75,63.75,63.75,63.75,0
XRAY,01-Jan-1999,8.583,8.583,8.583,8.583,0
YORW,01-Jan-1999,6.42,6.42,6.42,6.42,0
ZBRA,01-Jan-1999,12.7778,12.7778,12.7778,12.7778,0
ZEUS,01-Jan-1999,5,5,5,5,0
ZION,01-Jan-1999,62.375,62.375,62.375,62.375,0
ZIXI,01-Jan-1999,10.6875,10.6875,10.6875,10.6875,0
