"times","macd","macd_hist","mkacd_signal","symbol"
"2019-10-11 16:00:00",0.1915,-0.0458,0.2373,"TEX"
"2019-10-11 15:45:00",0.2052,-0.0435,0.2487,"TEX"
"2019-10-11 15:30:00",0.2132,-0.0464,0.2596,"TEX"
"2019-10-11 15:15:00",0.2248,-0.0464,0.2712,"TEX"
"2019-10-11 15:00:00",0.2334,-0.0494,0.2828,"TEX"
"2019-10-11 14:45:00",0.247,-0.0482,0.2952,"TEX"
"2019-10-11 14:30:00",0.2603,-0.0469,0.3072,"TEX"
"2019-10-11 14:15:00",0.2798,-0.0391,0.3189,"TEX"
"2019-10-11 14:00:00",0.2923,-0.0364,0.3287,"TEX"
"2019-10-11 13:45:00",0.3076,-0.0302,0.3378,"TEX"
"2019-10-11 13:30:00",0.3235,-0.0218,0.3453,"TEX"
"2019-10-11 13:15:00",0.3443,-0.0065,0.3508,"TEX"
"2019-10-11 13:00:00",0.3689,0.0164,0.3524,"TEX"
"2019-10-11 12:45:00",0.3938,0.0455,0.3483,"TEX"
"2019-10-11 12:30:00",0.4083,0.0714,0.3369,"TEX"
"2019-10-11 12:15:00",0.4233,0.1043,0.3191,"TEX"
"2019-10-11 12:00:00",0.4119,0.1189,0.293,"TEX"
"2019-10-11 11:45:00",0.3904,0.1271,0.2633,"TEX"
"2019-10-11 11:30:00",0.3582,0.1266,0.2315,"TEX"
"2019-10-11 11:15:00",0.32,0.1201,0.1999,"TEX"
"2019-10-11 11:00:00",0.288,0.1182,0.1698,"TEX"
"2019-10-11 10:45:00",0.2542,0.1139,0.1403,"TEX"
"2019-10-11 10:30:00",0.2165,0.1048,0.1118,"TEX"
"2019-10-11 10:15:00",0.1775,0.0919,0.0856,"TEX"
"2019-10-11 10:00:00",0.1354,0.0727,0.0626,"TEX"
"2019-10-11 09:45:00",0.0861,0.0417,0.0444,"TEX"
"2019-10-10 16:00:00",0.0223,-0.0117,0.034,"TEX"
"2019-10-10 15:45:00",0.0222,-0.0147,0.0369,"TEX"
"2019-10-10 15:30:00",0.0233,-0.0173,0.0406,"TEX"
"2019-10-10 15:15:00",0.0239,-0.021,0.0449,"TEX"
"2019-10-10 15:00:00",0.0273,-0.0229,0.0502,"TEX"
"2019-10-10 14:45:00",0.0303,-0.0256,0.0559,"TEX"
"2019-10-10 14:30:00",0.0367,-0.0256,0.0623,"TEX"
"2019-10-10 14:15:00",0.0392,-0.0295,0.0687,"TEX"
"2019-10-10 14:00:00",0.0449,-0.0312,0.0761,"TEX"
"2019-10-10 13:45:00",0.0556,-0.0283,0.0839,"TEX"
"2019-10-10 13:30:00",0.0705,-0.0205,0.091,"TEX"
"2019-10-10 13:15:00",0.0813,-0.0148,0.0961,"TEX"
"2019-10-10 13:00:00",0.092,-0.0078,0.0998,"TEX"
"2019-10-10 12:45:00",0.0961,-0.0057,0.1017,"TEX"
"2019-10-10 12:30:00",0.1088,0.0056,0.1032,"TEX"
"2019-10-10 12:15:00",0.1186,0.0169,0.1018,"TEX"
"2019-10-10 12:00:00",0.1254,0.0278,0.0975,"TEX"
"2019-10-10 11:45:00",0.122,0.0314,0.0906,"TEX"
"2019-10-10 11:30:00",0.1169,0.0342,0.0827,"TEX"
"2019-10-10 11:15:00",0.1042,0.03,0.0742,"TEX"
"2019-10-10 11:00:00",0.1115,0.0448,0.0667,"TEX"
"2019-10-10 10:45:00",0.1129,0.0574,0.0555,"TEX"
"2019-10-10 10:30:00",0.1134,0.0723,0.0411,"TEX"
"2019-10-10 10:15:00",0.0968,0.0737,0.023,"TEX"
"2019-10-10 10:00:00",0.0652,0.0606,0.0046,"TEX"
"2019-10-10 09:45:00",0.0248,0.0353,-0.0105,"TEX"
"2019-10-09 16:00:00",0.0065,0.0259,-0.0193,"TEX"
"2019-10-09 15:45:00",0.0075,0.0333,-0.0258,"TEX"
"2019-10-09 15:30:00",-0.0016,0.0326,-0.0342,"TEX"
"2019-10-09 15:15:00",-0.008,0.0343,-0.0423,"TEX"
"2019-10-09 15:00:00",-0.0172,0.0337,-0.0509,"TEX"
"2019-10-09 14:45:00",-0.0266,0.0327,-0.0593,"TEX"
"2019-10-09 14:30:00",-0.0341,0.0334,-0.0675,"TEX"
"2019-10-09 14:15:00",-0.0417,0.0341,-0.0758,"TEX"
"2019-10-09 14:00:00",-0.0571,0.0272,-0.0843,"TEX"
"2019-10-09 13:45:00",-0.0721,0.019,-0.0911,"TEX"
"2019-10-09 13:30:00",-0.0893,0.0066,-0.0959,"TEX"
"2019-10-09 13:15:00",-0.0987,-0.0012,-0.0975,"TEX"
"2019-10-09 13:00:00",-0.0991,-0.0018,-0.0972,"TEX"
"2019-10-09 12:45:00",-0.0971,-3e-04,-0.0968,"TEX"
"2019-10-09 12:30:00",-0.0952,0.0015,-0.0967,"TEX"
"2019-10-09 12:15:00",-0.0929,0.0042,-0.0971,"TEX"
"2019-10-09 12:00:00",-0.0914,0.0068,-0.0981,"TEX"
"2019-10-09 11:45:00",-0.0879,0.0119,-0.0998,"TEX"
"2019-10-09 11:30:00",-0.0944,0.0084,-0.1028,"TEX"
"2019-10-09 11:15:00",-0.0982,0.0067,-0.1049,"TEX"
"2019-10-09 11:00:00",-0.0997,0.0069,-0.1066,"TEX"
"2019-10-09 10:45:00",-0.0991,0.0092,-0.1083,"TEX"
"2019-10-09 10:30:00",-0.0999,0.0107,-0.1106,"TEX"
"2019-10-09 10:15:00",-0.1077,0.0056,-0.1133,"TEX"
"2019-10-09 10:00:00",-0.1062,0.0085,-0.1147,"TEX"
"2019-10-09 09:45:00",-0.0993,0.0175,-0.1168,"TEX"
"2019-10-08 16:00:00",-0.1166,0.0046,-0.1212,"TEX"
"2019-10-08 15:45:00",-0.1089,0.0134,-0.1223,"TEX"
"2019-10-08 15:30:00",-0.1063,0.0194,-0.1257,"TEX"
"2019-10-08 15:15:00",-0.1054,0.0251,-0.1305,"TEX"
"2019-10-08 15:00:00",-0.1063,0.0305,-0.1368,"TEX"
"2019-10-08 14:45:00",-0.1135,0.0309,-0.1444,"TEX"
"2019-10-08 14:30:00",-0.1313,0.0208,-0.1521,"TEX"
"2019-10-08 14:15:00",-0.1378,0.0195,-0.1573,"TEX"
"2019-10-08 14:00:00",-0.1421,0.0201,-0.1622,"TEX"
"2019-10-08 13:45:00",-0.1486,0.0186,-0.1672,"TEX"
"2019-10-08 13:30:00",-0.1562,0.0157,-0.1719,"TEX"
"2019-10-08 13:15:00",-0.1651,0.0107,-0.1758,"TEX"
"2019-10-08 13:00:00",-0.1744,0.004,-0.1784,"TEX"
"2019-10-08 12:45:00",-0.1886,-0.0092,-0.1794,"TEX"
"2019-10-08 12:30:00",-0.1938,-0.0166,-0.1772,"TEX"
"2019-10-08 12:15:00",-0.1985,-0.0255,-0.173,"TEX"
"2019-10-08 12:00:00",-0.2048,-0.0382,-0.1666,"TEX"
"2019-10-08 11:45:00",-0.2068,-0.0497,-0.1571,"TEX"
"2019-10-08 11:30:00",-0.197,-0.0523,-0.1446,"TEX"
"2019-10-08 11:15:00",-0.198,-0.0664,-0.1316,"TEX"
"2019-10-08 11:00:00",-0.1947,-0.0798,-0.115,"TEX"
"2019-10-08 10:45:00",-0.1839,-0.0888,-0.095,"TEX"
"2019-10-08 10:30:00",-0.1658,-0.093,-0.0728,"TEX"
"2019-10-08 10:15:00",-0.1479,-0.0983,-0.0496,"TEX"
"2019-10-08 10:00:00",-0.1214,-0.0965,-0.025,"TEX"
"2019-10-08 09:45:00",-0.0726,-0.0718,-9e-04,"TEX"
"2019-10-07 16:00:00",-0.0159,-0.033,0.0171,"TEX"
"2019-10-07 15:45:00",-0.008,-0.0333,0.0253,"TEX"
"2019-10-07 15:30:00",8e-04,-0.0329,0.0337,"TEX"
"2019-10-07 15:15:00",0.0094,-0.0325,0.0419,"TEX"
"2019-10-07 15:00:00",0.0204,-0.0296,0.05,"TEX"
"2019-10-07 14:45:00",0.0345,-0.0229,0.0574,"TEX"
"2019-10-07 14:30:00",0.0454,-0.0177,0.0631,"TEX"
"2019-10-07 14:15:00",0.0556,-0.012,0.0675,"TEX"
"2019-10-07 14:00:00",0.0531,-0.0174,0.0705,"TEX"
"2019-10-07 13:45:00",0.0527,-0.0222,0.0749,"TEX"
"2019-10-07 13:30:00",0.0544,-0.0261,0.0805,"TEX"
"2019-10-07 13:15:00",0.0669,-0.02,0.087,"TEX"
"2019-10-07 13:00:00",0.0719,-0.0201,0.092,"TEX"
"2019-10-07 12:45:00",0.0791,-0.0179,0.097,"TEX"
"2019-10-07 12:30:00",0.0853,-0.0162,0.1015,"TEX"
"2019-10-07 12:15:00",0.0928,-0.0127,0.1055,"TEX"
"2019-10-07 12:00:00",0.0991,-0.0096,0.1087,"TEX"
"2019-10-07 11:45:00",0.1097,-0.0014,0.1111,"TEX"
"2019-10-07 11:30:00",0.1145,0.003,0.1115,"TEX"
"2019-10-07 11:15:00",0.1159,0.0052,0.1107,"TEX"
"2019-10-07 11:00:00",0.1151,0.0056,0.1094,"TEX"
"2019-10-07 10:45:00",0.1174,0.0094,0.108,"TEX"
"2019-10-07 10:30:00",0.1176,0.0119,0.1057,"TEX"
"2019-10-07 10:15:00",0.1149,0.0122,0.1027,"TEX"
"2019-10-07 10:00:00",0.1227,0.0231,0.0997,"TEX"
"2019-10-07 09:45:00",0.1264,0.0325,0.0939,"TEX"
"2019-10-04 16:00:00",0.119,0.0332,0.0858,"TEX"
"2019-10-04 15:45:00",0.1008,0.0233,0.0775,"TEX"
"2019-10-04 15:30:00",0.0872,0.0155,0.0717,"TEX"
"2019-10-04 15:15:00",0.0788,0.011,0.0678,"TEX"
"2019-10-04 15:00:00",0.0716,0.0066,0.065,"TEX"
"2019-10-04 14:45:00",0.0649,0.0015,0.0634,"TEX"
"2019-10-04 14:30:00",0.0584,-0.0046,0.063,"TEX"
"2019-10-04 14:15:00",0.0544,-0.0097,0.0641,"TEX"
"2019-10-04 14:00:00",0.0505,-0.0161,0.0666,"TEX"
"2019-10-04 13:45:00",0.059,-0.0116,0.0706,"TEX"
"2019-10-04 13:30:00",0.0629,-0.0105,0.0735,"TEX"
"2019-10-04 13:15:00",0.0675,-0.0086,0.0761,"TEX"
"2019-10-04 13:00:00",0.075,-0.0033,0.0782,"TEX"
"2019-10-04 12:45:00",0.0864,0.0073,0.0791,"TEX"
"2019-10-04 12:30:00",0.0896,0.0123,0.0772,"TEX"
"2019-10-04 12:15:00",0.0913,0.0172,0.0742,"TEX"
"2019-10-04 12:00:00",0.0851,0.0152,0.0699,"TEX"
"2019-10-04 11:45:00",0.085,0.019,0.0661,"TEX"
"2019-10-04 11:30:00",0.0833,0.0219,0.0613,"TEX"
"2019-10-04 11:15:00",0.0833,0.0275,0.0558,"TEX"
"2019-10-04 11:00:00",0.0822,0.0332,0.049,"TEX"
"2019-10-04 10:45:00",0.0796,0.0389,0.0407,"TEX"
"2019-10-04 10:30:00",0.0829,0.0519,0.0309,"TEX"
"2019-10-04 10:15:00",0.0852,0.0672,0.0179,"TEX"
"2019-10-04 10:00:00",0.0798,0.0786,0.0011,"TEX"
"2019-10-04 09:45:00",0.0646,0.0831,-0.0185,"TEX"
"2019-10-03 16:00:00",0.0188,0.0581,-0.0393,"TEX"
"2019-10-03 15:45:00",-0.0023,0.0516,-0.0538,"TEX"
"2019-10-03 15:30:00",-0.0179,0.0488,-0.0667,"TEX"
"2019-10-03 15:15:00",-0.0315,0.0475,-0.0789,"TEX"
"2019-10-03 15:00:00",-0.0422,0.0486,-0.0908,"TEX"
"2019-10-03 14:45:00",-0.0533,0.0496,-0.1029,"TEX"
"2019-10-03 14:30:00",-0.0687,0.0466,-0.1153,"TEX"
"2019-10-03 14:15:00",-0.0811,0.0458,-0.127,"TEX"
"2019-10-03 14:00:00",-0.0881,0.0504,-0.1384,"TEX"
"2019-10-03 13:45:00",-0.1015,0.0495,-0.151,"TEX"
"2019-10-03 13:30:00",-0.1191,0.0443,-0.1634,"TEX"
"2019-10-03 13:15:00",-0.1288,0.0457,-0.1745,"TEX"
"2019-10-03 13:00:00",-0.1382,0.0477,-0.1859,"TEX"
"2019-10-03 12:45:00",-0.1522,0.0456,-0.1978,"TEX"
"2019-10-03 12:30:00",-0.1715,0.0377,-0.2092,"TEX"
"2019-10-03 12:15:00",-0.1911,0.0275,-0.2186,"TEX"
"2019-10-03 12:00:00",-0.2082,0.0173,-0.2255,"TEX"
"2019-10-03 11:45:00",-0.2179,0.0119,-0.2298,"TEX"
"2019-10-03 11:30:00",-0.2261,0.0067,-0.2328,"TEX"
"2019-10-03 11:15:00",-0.2444,-0.0099,-0.2345,"TEX"
"2019-10-03 11:00:00",-0.2662,-0.0342,-0.232,"TEX"
"2019-10-03 10:45:00",-0.2689,-0.0454,-0.2235,"TEX"
"2019-10-03 10:30:00",-0.2673,-0.0552,-0.2121,"TEX"
"2019-10-03 10:15:00",-0.2421,-0.0438,-0.1983,"TEX"
"2019-10-03 10:00:00",-0.1964,-0.009,-0.1873,"TEX"
"2019-10-03 09:45:00",-0.1594,0.0257,-0.1851,"TEX"
"2019-10-02 16:00:00",-0.1456,0.0459,-0.1915,"TEX"
"2019-10-02 15:45:00",-0.1584,0.0446,-0.203,"TEX"
"2019-10-02 15:30:00",-0.1714,0.0427,-0.2141,"TEX"
"2019-10-02 15:15:00",-0.1764,0.0485,-0.2248,"TEX"
"2019-10-02 15:00:00",-0.1855,0.0514,-0.2369,"TEX"
"2019-10-02 14:45:00",-0.1983,0.0515,-0.2498,"TEX"
"2019-10-02 14:30:00",-0.2084,0.0543,-0.2627,"TEX"
"2019-10-02 14:15:00",-0.2225,0.0537,-0.2763,"TEX"
"2019-10-02 14:00:00",-0.2343,0.0554,-0.2897,"TEX"
"2019-10-02 13:45:00",-0.249,0.0545,-0.3036,"TEX"
"2019-10-02 13:30:00",-0.2701,0.0471,-0.3172,"TEX"
"2019-10-02 13:15:00",-0.2952,0.0338,-0.329,"TEX"
"2019-10-02 13:00:00",-0.3169,0.0205,-0.3374,"TEX"
"2019-10-02 12:45:00",-0.3227,0.0199,-0.3425,"TEX"
"2019-10-02 12:30:00",-0.3345,0.013,-0.3475,"TEX"
"2019-10-02 12:15:00",-0.3453,0.0054,-0.3507,"TEX"
"2019-10-02 12:00:00",-0.348,0.0041,-0.3521,"TEX"
"2019-10-02 11:45:00",-0.3519,0.0012,-0.3531,"TEX"
"2019-10-02 11:30:00",-0.3582,-0.0048,-0.3534,"TEX"
"2019-10-02 11:15:00",-0.3587,-0.0064,-0.3522,"TEX"
"2019-10-02 11:00:00",-0.3703,-0.0197,-0.3506,"TEX"
"2019-10-02 10:45:00",-0.3727,-0.0271,-0.3457,"TEX"
"2019-10-02 10:30:00",-0.3593,-0.0203,-0.3389,"TEX"
"2019-10-02 10:15:00",-0.3668,-0.033,-0.3338,"TEX"
"2019-10-02 10:00:00",-0.3613,-0.0357,-0.3256,"TEX"
"2019-10-02 09:45:00",-0.3246,-0.008,-0.3167,"TEX"
"2019-10-01 16:00:00",-0.3121,0.0025,-0.3147,"TEX"
"2019-10-01 15:45:00",-0.328,-0.0127,-0.3153,"TEX"
"2019-10-01 15:30:00",-0.3394,-0.0273,-0.3121,"TEX"
"2019-10-01 15:15:00",-0.348,-0.0427,-0.3053,"TEX"
"2019-10-01 15:00:00",-0.3519,-0.0573,-0.2946,"TEX"
"2019-10-01 14:45:00",-0.3517,-0.0714,-0.2803,"TEX"
"2019-10-01 14:30:00",-0.3525,-0.0901,-0.2625,"TEX"
"2019-10-01 14:15:00",-0.3433,-0.1034,-0.2399,"TEX"
"2019-10-01 14:00:00",-0.3276,-0.1135,-0.2141,"TEX"
"2019-10-01 13:45:00",-0.2987,-0.113,-0.1857,"TEX"
"2019-10-01 13:30:00",-0.2595,-0.1021,-0.1575,"TEX"
"2019-10-01 13:15:00",-0.2307,-0.0987,-0.1319,"TEX"
"2019-10-01 13:00:00",-0.2063,-0.099,-0.1073,"TEX"
"2019-10-01 12:45:00",-0.1905,-0.108,-0.0825,"TEX"
"2019-10-01 12:30:00",-0.1665,-0.111,-0.0555,"TEX"
"2019-10-01 12:15:00",-0.1294,-0.1017,-0.0278,"TEX"
"2019-10-01 12:00:00",-0.0999,-0.0976,-0.0024,"TEX"
"2019-10-01 11:45:00",-0.0726,-0.0947,0.022,"TEX"
"2019-10-01 11:30:00",-0.049,-0.0947,0.0457,"TEX"
"2019-10-01 11:15:00",-0.0151,-0.0845,0.0694,"TEX"
"2019-10-01 11:00:00",0.0325,-0.058,0.0905,"TEX"
"2019-10-01 10:45:00",0.0801,-0.0249,0.105,"TEX"
"2019-10-01 10:30:00",0.1168,0.0055,0.1112,"TEX"
"2019-10-01 10:15:00",0.145,0.0352,0.1098,"TEX"
"2019-10-01 10:00:00",0.1342,0.0331,0.101,"TEX"
"2019-10-01 09:45:00",0.1128,0.02,0.0927,"TEX"
"2019-09-30 16:00:00",0.09,0.0022,0.0877,"TEX"
"2019-09-30 15:45:00",0.0946,0.0075,0.0872,"TEX"
"2019-09-30 15:30:00",0.0977,0.0124,0.0853,"TEX"
"2019-09-30 15:15:00",0.1002,0.018,0.0822,"TEX"
"2019-09-30 15:00:00",0.102,0.0243,0.0777,"TEX"
"2019-09-30 14:45:00",0.1017,0.0301,0.0716,"TEX"
"2019-09-30 14:30:00",0.0989,0.0348,0.0641,"TEX"
"2019-09-30 14:15:00",0.0937,0.0383,0.0554,"TEX"
"2019-09-30 14:00:00",0.0869,0.0411,0.0458,"TEX"
"2019-09-30 13:45:00",0.08,0.0444,0.0356,"TEX"
"2019-09-30 13:30:00",0.0715,0.047,0.0245,"TEX"
"2019-09-30 13:15:00",0.0632,0.0505,0.0127,"TEX"
"2019-09-30 13:00:00",0.0527,0.0526,1e-04,"TEX"
"2019-09-30 12:45:00",0.0416,0.0546,-0.0131,"TEX"
"2019-09-30 12:30:00",0.0221,0.0489,-0.0267,"TEX"
"2019-09-30 12:15:00",7e-04,0.0396,-0.0389,"TEX"
"2019-09-30 12:00:00",-0.0135,0.0353,-0.0488,"TEX"
"2019-09-30 11:45:00",-0.0274,0.0302,-0.0576,"TEX"
"2019-09-30 11:30:00",-0.05,0.0152,-0.0652,"TEX"
"2019-09-30 11:15:00",-0.0612,0.0078,-0.069,"TEX"
"2019-09-30 11:00:00",-0.0668,0.0041,-0.0709,"TEX"
"2019-09-30 10:45:00",-0.071,9e-04,-0.072,"TEX"
"2019-09-30 10:30:00",-0.0698,0.0024,-0.0722,"TEX"
"2019-09-30 10:15:00",-0.0666,0.0062,-0.0728,"TEX"
"2019-09-30 10:00:00",-0.0642,0.0102,-0.0744,"TEX"
"2019-09-30 09:45:00",-0.0821,-0.0052,-0.0769,"TEX"
"2019-09-27 16:00:00",-0.1057,-0.0301,-0.0756,"TEX"
"2019-09-27 15:45:00",-0.0987,-0.0307,-0.0681,"TEX"
"2019-09-27 15:30:00",-0.0919,-0.0315,-0.0604,"TEX"
"2019-09-27 15:15:00",-0.0814,-0.0289,-0.0525,"TEX"
"2019-09-27 15:00:00",-0.0729,-0.0276,-0.0453,"TEX"
"2019-09-27 14:45:00",-0.062,-0.0236,-0.0384,"TEX"
"2019-09-27 14:30:00",-0.0533,-0.0209,-0.0325,"TEX"
"2019-09-27 14:15:00",-0.0491,-0.0218,-0.0273,"TEX"
"2019-09-27 14:00:00",-0.046,-0.0242,-0.0218,"TEX"
"2019-09-27 13:45:00",-0.0409,-0.0251,-0.0158,"TEX"
"2019-09-27 13:30:00",-0.0307,-0.0212,-0.0095,"TEX"
"2019-09-27 13:15:00",-0.0229,-0.0187,-0.0042,"TEX"
"2019-09-27 13:00:00",-0.0131,-0.0135,4e-04,"TEX"
"2019-09-27 12:45:00",7e-04,-0.0031,0.0038,"TEX"
"2019-09-27 12:30:00",0.0095,0.0049,0.0046,"TEX"
"2019-09-27 12:15:00",0.014,0.0106,0.0034,"TEX"
"2019-09-27 12:00:00",0.016,0.0153,7e-04,"TEX"
"2019-09-27 11:45:00",0.0179,0.021,-0.0031,"TEX"
"2019-09-27 11:30:00",0.0143,0.0227,-0.0083,"TEX"
"2019-09-27 11:15:00",0.0122,0.0262,-0.014,"TEX"
"2019-09-27 11:00:00",0.0047,0.0252,-0.0206,"TEX"
"2019-09-27 10:45:00",0.0016,0.0285,-0.0269,"TEX"
"2019-09-27 10:30:00",-0.0079,0.0261,-0.034,"TEX"
"2019-09-27 10:15:00",-0.0122,0.0283,-0.0405,"TEX"
"2019-09-27 10:00:00",-0.011,0.0366,-0.0476,"TEX"
"2019-09-27 09:45:00",-0.0302,0.0266,-0.0567,"TEX"
"2019-09-26 16:00:00",-0.0638,-5e-04,-0.0634,"TEX"
"2019-09-26 15:45:00",-0.0626,6e-04,-0.0632,"TEX"
"2019-09-26 15:30:00",-0.0632,2e-04,-0.0634,"TEX"
"2019-09-26 15:15:00",-0.0656,-0.0021,-0.0635,"TEX"
"2019-09-26 15:00:00",-0.0666,-0.0037,-0.0629,"TEX"
"2019-09-26 14:45:00",-0.0645,-0.0025,-0.062,"TEX"
"2019-09-26 14:30:00",-0.0622,-8e-04,-0.0614,"TEX"
"2019-09-26 14:15:00",-0.0651,-0.004,-0.0612,"TEX"
"2019-09-26 14:00:00",-0.0689,-0.0087,-0.0602,"TEX"
"2019-09-26 13:45:00",-0.0646,-0.0066,-0.058,"TEX"
"2019-09-26 13:30:00",-0.0603,-0.0039,-0.0563,"TEX"
"2019-09-26 13:15:00",-0.0579,-0.0025,-0.0554,"TEX"
"2019-09-26 13:00:00",-0.0591,-0.0043,-0.0547,"TEX"
"2019-09-26 12:45:00",-0.0587,-0.0051,-0.0536,"TEX"
"2019-09-26 12:30:00",-0.0604,-0.0081,-0.0524,"TEX"
"2019-09-26 12:15:00",-0.0592,-0.0089,-0.0504,"TEX"
"2019-09-26 12:00:00",-0.0573,-0.0092,-0.0481,"TEX"
"2019-09-26 11:45:00",-0.0531,-0.0072,-0.0459,"TEX"
"2019-09-26 11:30:00",-0.0499,-0.0058,-0.044,"TEX"
"2019-09-26 11:15:00",-0.0461,-0.0035,-0.0426,"TEX"
"2019-09-26 11:00:00",-0.0406,0.0012,-0.0417,"TEX"
"2019-09-26 10:45:00",-0.0371,0.005,-0.042,"TEX"
"2019-09-26 10:30:00",-0.0336,0.0096,-0.0432,"TEX"
"2019-09-26 10:15:00",-0.0266,0.0191,-0.0457,"TEX"
"2019-09-26 10:00:00",-0.0305,0.0199,-0.0504,"TEX"
"2019-09-26 09:45:00",-0.0315,0.0239,-0.0554,"TEX"
"2019-09-25 16:00:00",-0.0293,0.032,-0.0614,"TEX"
"2019-09-25 15:45:00",-0.0342,0.0352,-0.0694,"TEX"
"2019-09-25 15:30:00",-0.0389,0.0392,-0.0782,"TEX"
"2019-09-25 15:15:00",-0.0449,0.043,-0.088,"TEX"
"2019-09-25 15:00:00",-0.0514,0.0473,-0.0987,"TEX"
"2019-09-25 14:45:00",-0.0558,0.0547,-0.1106,"TEX"
"2019-09-25 14:30:00",-0.0638,0.0605,-0.1243,"TEX"
"2019-09-25 14:15:00",-0.0735,0.0659,-0.1394,"TEX"
"2019-09-25 14:00:00",-0.0924,0.0635,-0.1559,"TEX"
"2019-09-25 13:45:00",-0.1101,0.0616,-0.1717,"TEX"
"2019-09-25 13:30:00",-0.1307,0.0565,-0.1871,"TEX"
"2019-09-25 13:15:00",-0.1512,0.0501,-0.2012,"TEX"
"2019-09-25 13:00:00",-0.1657,0.0481,-0.2138,"TEX"
"2019-09-25 12:45:00",-0.1844,0.0414,-0.2258,"TEX"
"2019-09-25 12:30:00",-0.2055,0.0306,-0.2361,"TEX"
"2019-09-25 12:15:00",-0.223,0.0208,-0.2438,"TEX"
"2019-09-25 12:00:00",-0.2328,0.0162,-0.249,"TEX"
"2019-09-25 11:45:00",-0.2414,0.0116,-0.253,"TEX"
"2019-09-25 11:30:00",-0.2545,0.0014,-0.2559,"TEX"
"2019-09-25 11:15:00",-0.2671,-0.0108,-0.2563,"TEX"
"2019-09-25 11:00:00",-0.2807,-0.0271,-0.2536,"TEX"
"2019-09-25 10:45:00",-0.2731,-0.0263,-0.2468,"TEX"
"2019-09-25 10:30:00",-0.2671,-0.0269,-0.2402,"TEX"
"2019-09-25 10:15:00",-0.25,-0.0165,-0.2335,"TEX"
"2019-09-25 10:00:00",-0.2278,0.0015,-0.2293,"TEX"
"2019-09-25 09:45:00",-0.2142,0.0155,-0.2297,"TEX"
"2019-09-24 16:00:00",-0.2076,0.026,-0.2336,"TEX"
"2019-09-24 15:45:00",-0.2149,0.0252,-0.2401,"TEX"
"2019-09-24 15:30:00",-0.2155,0.0309,-0.2464,"TEX"
"2019-09-24 15:15:00",-0.232,0.0222,-0.2541,"TEX"
"2019-09-24 15:00:00",-0.2506,0.009,-0.2597,"TEX"
"2019-09-24 14:45:00",-0.2576,0.0044,-0.2619,"TEX"
"2019-09-24 14:30:00",-0.2714,-0.0083,-0.263,"TEX"
"2019-09-24 14:15:00",-0.2807,-0.0197,-0.261,"TEX"
"2019-09-24 14:00:00",-0.2887,-0.0327,-0.256,"TEX"
"2019-09-24 13:45:00",-0.2943,-0.0464,-0.2478,"TEX"
"2019-09-24 13:30:00",-0.293,-0.0568,-0.2362,"TEX"
"2019-09-24 13:15:00",-0.279,-0.057,-0.222,"TEX"
"2019-09-24 13:00:00",-0.2657,-0.0579,-0.2078,"TEX"
"2019-09-24 12:45:00",-0.2485,-0.0552,-0.1933,"TEX"
"2019-09-24 12:30:00",-0.2331,-0.0536,-0.1795,"TEX"
"2019-09-24 12:15:00",-0.2268,-0.0606,-0.1661,"TEX"
"2019-09-24 12:00:00",-0.2236,-0.0727,-0.151,"TEX"
"2019-09-24 11:45:00",-0.2066,-0.0738,-0.1328,"TEX"
"2019-09-24 11:30:00",-0.1896,-0.0753,-0.1143,"TEX"
"2019-09-24 11:15:00",-0.1656,-0.0701,-0.0955,"TEX"
"2019-09-24 11:00:00",-0.1422,-0.0642,-0.078,"TEX"
"2019-09-24 10:45:00",-0.1148,-0.0529,-0.0619,"TEX"
"2019-09-24 10:30:00",-0.0895,-0.0408,-0.0487,"TEX"
"2019-09-24 10:15:00",-0.0548,-0.0163,-0.0385,"TEX"
"2019-09-24 10:00:00",-0.0398,-0.0053,-0.0344,"TEX"
"2019-09-24 09:45:00",-0.0297,0.0034,-0.0331,"TEX"
"2019-09-23 16:00:00",-0.0294,0.0045,-0.034,"TEX"
"2019-09-23 15:45:00",-0.0248,0.0104,-0.0351,"TEX"
"2019-09-23 15:30:00",-0.0245,0.0132,-0.0377,"TEX"
"2019-09-23 15:15:00",-0.027,0.014,-0.041,"TEX"
"2019-09-23 15:00:00",-0.0256,0.0189,-0.0445,"TEX"
"2019-09-23 14:45:00",-0.0265,0.0227,-0.0492,"TEX"
"2019-09-23 14:30:00",-0.0294,0.0255,-0.0549,"TEX"
"2019-09-23 14:15:00",-0.0356,0.0256,-0.0613,"TEX"
"2019-09-23 14:00:00",-0.0451,0.0225,-0.0677,"TEX"
"2019-09-23 13:45:00",-0.0525,0.0208,-0.0733,"TEX"
"2019-09-23 13:30:00",-0.0582,0.0204,-0.0785,"TEX"
"2019-09-23 13:15:00",-0.0594,0.0242,-0.0836,"TEX"
"2019-09-23 13:00:00",-0.0652,0.0244,-0.0897,"TEX"
"2019-09-23 12:45:00",-0.0717,0.024,-0.0958,"TEX"
"2019-09-23 12:30:00",-0.081,0.0208,-0.1018,"TEX"
"2019-09-23 12:15:00",-0.0857,0.0213,-0.107,"TEX"
"2019-09-23 12:00:00",-0.0933,0.019,-0.1123,"TEX"
"2019-09-23 11:45:00",-0.1068,0.0103,-0.117,"TEX"
"2019-09-23 11:30:00",-0.1219,-0.0023,-0.1196,"TEX"
"2019-09-23 11:15:00",-0.1349,-0.0159,-0.119,"TEX"
"2019-09-23 11:00:00",-0.1403,-0.0253,-0.1151,"TEX"
"2019-09-23 10:45:00",-0.133,-0.0243,-0.1087,"TEX"
"2019-09-23 10:30:00",-0.1329,-0.0303,-0.1027,"TEX"
"2019-09-23 10:15:00",-0.1217,-0.0266,-0.0951,"TEX"
"2019-09-23 10:00:00",-0.0981,-0.0097,-0.0884,"TEX"
"2019-09-23 09:45:00",-0.1006,-0.0146,-0.086,"TEX"
"2019-09-20 16:00:00",-0.1006,-0.0183,-0.0824,"TEX"
"2019-09-20 15:45:00",-0.0968,-0.019,-0.0778,"TEX"
"2019-09-20 15:30:00",-0.0879,-0.0149,-0.0731,"TEX"
"2019-09-20 15:15:00",-0.0887,-0.0194,-0.0694,"TEX"
"2019-09-20 15:00:00",-0.0923,-0.0278,-0.0645,"TEX"
"2019-09-20 14:45:00",-0.094,-0.0365,-0.0576,"TEX"
"2019-09-20 14:30:00",-0.0918,-0.0434,-0.0485,"TEX"
"2019-09-20 14:15:00",-0.0816,-0.044,-0.0376,"TEX"
"2019-09-20 14:00:00",-0.0684,-0.0418,-0.0266,"TEX"
"2019-09-20 13:45:00",-0.0515,-0.0354,-0.0162,"TEX"
"2019-09-20 13:30:00",-0.0262,-0.0189,-0.0073,"TEX"
"2019-09-20 13:15:00",-0.0027,-1e-04,-0.0026,"TEX"
"2019-09-20 13:00:00",4e-04,0.003,-0.0026,"TEX"
"2019-09-20 12:45:00",0.0059,0.0093,-0.0034,"TEX"
"2019-09-20 12:30:00",0.0118,0.0175,-0.0057,"TEX"
"2019-09-20 12:15:00",0.0049,0.0149,-0.01,"TEX"
"2019-09-20 12:00:00",-0.0093,0.0044,-0.0138,"TEX"
"2019-09-20 11:45:00",-0.019,-0.0041,-0.0149,"TEX"
"2019-09-20 11:30:00",-0.0259,-0.012,-0.0139,"TEX"
"2019-09-20 11:15:00",-0.0272,-0.0164,-0.0109,"TEX"
"2019-09-20 11:00:00",-0.0231,-0.0164,-0.0068,"TEX"
"2019-09-20 10:45:00",-0.0158,-0.0132,-0.0027,"TEX"
"2019-09-20 10:30:00",-0.0151,-0.0157,6e-04,"TEX"
"2019-09-20 10:15:00",-0.0099,-0.0144,0.0045,"TEX"
"2019-09-20 10:00:00",-0.0014,-0.0095,0.0081,"TEX"
"2019-09-20 09:45:00",-0.0038,-0.0143,0.0105,"TEX"
"2019-09-19 16:00:00",-0.0312,-0.0453,0.0141,"TEX"
"2019-09-19 15:45:00",-0.0209,-0.0464,0.0254,"TEX"
"2019-09-19 15:30:00",-0.0052,-0.0422,0.037,"TEX"
"2019-09-19 15:15:00",0.0126,-0.035,0.0476,"TEX"
"2019-09-19 15:00:00",0.0254,-0.031,0.0563,"TEX"
"2019-09-19 14:45:00",0.045,-0.0191,0.0641,"TEX"
"2019-09-19 14:30:00",0.053,-0.0158,0.0688,"TEX"
"2019-09-19 14:15:00",0.057,-0.0158,0.0728,"TEX"
"2019-09-19 14:00:00",0.0617,-0.0151,0.0767,"TEX"
"2019-09-19 13:45:00",0.0698,-0.0107,0.0805,"TEX"
"2019-09-19 13:30:00",0.0771,-0.0061,0.0832,"TEX"
"2019-09-19 13:15:00",0.0826,-0.0021,0.0847,"TEX"
"2019-09-19 13:00:00",0.085,-2e-04,0.0852,"TEX"
"2019-09-19 12:45:00",0.0879,0.0027,0.0853,"TEX"
"2019-09-19 12:30:00",0.0899,0.0053,0.0846,"TEX"
"2019-09-19 12:15:00",0.1007,0.0174,0.0833,"TEX"
"2019-09-19 12:00:00",0.111,0.0321,0.0789,"TEX"
"2019-09-19 11:45:00",0.1195,0.0486,0.0709,"TEX"
"2019-09-19 11:30:00",0.1164,0.0577,0.0587,"TEX"
"2019-09-19 11:15:00",0.1016,0.0572,0.0443,"TEX"
"2019-09-19 11:00:00",0.0791,0.0491,0.03,"TEX"
"2019-09-19 10:45:00",0.0666,0.0489,0.0177,"TEX"
"2019-09-19 10:30:00",0.0472,0.0417,0.0055,"TEX"
"2019-09-19 10:15:00",0.0334,0.0383,-0.0049,"TEX"
"2019-09-19 10:00:00",0.0068,0.0213,-0.0145,"TEX"
"2019-09-19 09:45:00",-0.0116,0.0082,-0.0198,"TEX"
"2019-09-18 16:00:00",-0.0367,-0.0149,-0.0219,"TEX"
"2019-09-18 15:45:00",-0.0421,-0.0239,-0.0182,"TEX"
"2019-09-18 15:30:00",-0.0452,-0.033,-0.0122,"TEX"
"2019-09-18 15:15:00",-0.0411,-0.0371,-0.004,"TEX"
"2019-09-18 15:00:00",-0.0352,-0.0405,0.0053,"TEX"
"2019-09-18 14:45:00",-0.0214,-0.0368,0.0154,"TEX"
"2019-09-18 14:30:00",-0.0056,-0.0302,0.0246,"TEX"
"2019-09-18 14:15:00",0.0168,-0.0154,0.0322,"TEX"
"2019-09-18 14:00:00",0.0206,-0.0154,0.0361,"TEX"
"2019-09-18 13:45:00",0.0293,-0.0106,0.0399,"TEX"
"2019-09-18 13:30:00",0.04,-0.0026,0.0426,"TEX"
"2019-09-18 13:15:00",0.0428,-4e-04,0.0432,"TEX"
"2019-09-18 13:00:00",0.0418,-0.0016,0.0433,"TEX"
"2019-09-18 12:45:00",0.0378,-0.0059,0.0437,"TEX"
"2019-09-18 12:30:00",0.036,-0.0092,0.0452,"TEX"
"2019-09-18 12:15:00",0.0409,-0.0066,0.0475,"TEX"
"2019-09-18 12:00:00",0.0462,-0.003,0.0491,"TEX"
"2019-09-18 11:45:00",0.0563,0.0064,0.0499,"TEX"
"2019-09-18 11:30:00",0.0627,0.0144,0.0483,"TEX"
"2019-09-18 11:15:00",0.0671,0.0224,0.0447,"TEX"
"2019-09-18 11:00:00",0.0691,0.03,0.0391,"TEX"
"2019-09-18 10:45:00",0.0677,0.0361,0.0316,"TEX"
"2019-09-18 10:30:00",0.0592,0.0366,0.0226,"TEX"
"2019-09-18 10:15:00",0.0486,0.0351,0.0134,"TEX"
"2019-09-18 10:00:00",0.0453,0.0407,0.0046,"TEX"
"2019-09-18 09:45:00",0.033,0.0385,-0.0055,"TEX"
"2019-09-17 16:00:00",0.0198,0.0349,-0.0152,"TEX"
"2019-09-17 15:45:00",0.0027,0.0266,-0.0239,"TEX"
"2019-09-17 15:30:00",-0.0059,0.0247,-0.0305,"TEX"
"2019-09-17 15:15:00",-0.0116,0.0251,-0.0367,"TEX"
"2019-09-17 15:00:00",-0.0193,0.0237,-0.043,"TEX"
"2019-09-17 14:45:00",-0.0253,0.0236,-0.0489,"TEX"
"2019-09-17 14:30:00",-0.0286,0.0263,-0.0548,"TEX"
"2019-09-17 14:15:00",-0.0353,0.0261,-0.0614,"TEX"
"2019-09-17 14:00:00",-0.0403,0.0276,-0.0679,"TEX"
"2019-09-17 13:45:00",-0.0451,0.0297,-0.0748,"TEX"
"2019-09-17 13:30:00",-0.0541,0.0281,-0.0822,"TEX"
"2019-09-17 13:15:00",-0.0674,0.0219,-0.0893,"TEX"
"2019-09-17 13:00:00",-0.0823,0.0124,-0.0947,"TEX"
"2019-09-17 12:45:00",-0.0911,0.0067,-0.0978,"TEX"
"2019-09-17 12:30:00",-0.1009,-0.0014,-0.0995,"TEX"
"2019-09-17 12:15:00",-0.1107,-0.0116,-0.0992,"TEX"
"2019-09-17 12:00:00",-0.1225,-0.0262,-0.0963,"TEX"
"2019-09-17 11:45:00",-0.125,-0.0353,-0.0897,"TEX"
"2019-09-17 11:30:00",-0.1283,-0.0474,-0.0809,"TEX"
"2019-09-17 11:15:00",-0.1327,-0.0637,-0.069,"TEX"
"2019-09-17 11:00:00",-0.1293,-0.0762,-0.0531,"TEX"
"2019-09-17 10:45:00",-0.119,-0.0849,-0.0341,"TEX"
"2019-09-17 10:30:00",-0.0972,-0.0843,-0.0128,"TEX"
"2019-09-17 10:15:00",-0.0795,-0.0877,0.0082,"TEX"
"2019-09-17 10:00:00",-0.0436,-0.0738,0.0302,"TEX"
"2019-09-17 09:45:00",0.0075,-0.0411,0.0486,"TEX"
"2019-09-16 16:00:00",0.0409,-0.018,0.0589,"TEX"
"2019-09-16 15:45:00",0.0475,-0.0159,0.0634,"TEX"
"2019-09-16 15:30:00",0.0568,-0.0106,0.0674,"TEX"
"2019-09-16 15:15:00",0.0632,-0.0068,0.07,"TEX"
"2019-09-16 15:00:00",0.0654,-0.0063,0.0717,"TEX"
"2019-09-16 14:45:00",0.0723,-0.001,0.0733,"TEX"
"2019-09-16 14:30:00",0.075,0.0015,0.0735,"TEX"
"2019-09-16 14:15:00",0.0733,1e-04,0.0732,"TEX"
"2019-09-16 14:00:00",0.073,-1e-04,0.0732,"TEX"
"2019-09-16 13:45:00",0.0727,-5e-04,0.0732,"TEX"
"2019-09-16 13:30:00",0.0682,-0.0051,0.0733,"TEX"
"2019-09-16 13:15:00",0.0711,-0.0035,0.0746,"TEX"
"2019-09-16 13:00:00",0.0694,-0.0061,0.0755,"TEX"
"2019-09-16 12:45:00",0.0711,-0.0059,0.077,"TEX"
"2019-09-16 12:30:00",0.0692,-0.0093,0.0785,"TEX"
"2019-09-16 12:15:00",0.0761,-0.0047,0.0808,"TEX"
"2019-09-16 12:00:00",0.0857,0.0036,0.082,"TEX"
"2019-09-16 11:45:00",0.0976,0.0165,0.0811,"TEX"
"2019-09-16 11:30:00",0.1013,0.0244,0.077,"TEX"
"2019-09-16 11:15:00",0.0917,0.0208,0.0709,"TEX"
"2019-09-16 11:00:00",0.0869,0.0212,0.0657,"TEX"
"2019-09-16 10:45:00",0.0784,0.0181,0.0604,"TEX"
"2019-09-16 10:30:00",0.0706,0.0147,0.0559,"TEX"
"2019-09-16 10:15:00",0.0639,0.0117,0.0522,"TEX"
"2019-09-16 10:00:00",0.0568,0.0076,0.0493,"TEX"
"2019-09-16 09:45:00",0.0514,0.0041,0.0474,"TEX"
"2019-09-13 16:00:00",0.0359,-0.0104,0.0463,"TEX"
"2019-09-13 15:45:00",0.0387,-0.0102,0.049,"TEX"
"2019-09-13 15:30:00",0.0408,-0.0107,0.0515,"TEX"
"2019-09-13 15:15:00",0.0462,-0.0079,0.0542,"TEX"
"2019-09-13 15:00:00",0.0537,-0.0025,0.0562,"TEX"
"2019-09-13 14:45:00",0.0608,0.004,0.0568,"TEX"
"2019-09-13 14:30:00",0.066,0.0102,0.0558,"TEX"
"2019-09-13 14:15:00",0.067,0.0137,0.0533,"TEX"
"2019-09-13 14:00:00",0.0669,0.017,0.0498,"TEX"
"2019-09-13 13:45:00",0.0688,0.0232,0.0456,"TEX"
"2019-09-13 13:30:00",0.0672,0.0274,0.0398,"TEX"
"2019-09-13 13:15:00",0.0621,0.0292,0.0329,"TEX"
"2019-09-13 13:00:00",0.0569,0.0312,0.0256,"TEX"
"2019-09-13 12:45:00",0.0503,0.0324,0.0178,"TEX"
"2019-09-13 12:30:00",0.0422,0.0324,0.0097,"TEX"
"2019-09-13 12:15:00",0.0381,0.0365,0.0016,"TEX"
"2019-09-13 12:00:00",0.0341,0.0416,-0.0075,"TEX"
"2019-09-13 11:45:00",0.029,0.047,-0.0179,"TEX"
"2019-09-13 11:30:00",0.0211,0.0508,-0.0297,"TEX"
"2019-09-13 11:15:00",0.0148,0.0571,-0.0424,"TEX"
"2019-09-13 11:00:00",0.0044,0.061,-0.0566,"TEX"
"2019-09-13 10:45:00",-0.013,0.0589,-0.0719,"TEX"
"2019-09-13 10:30:00",-0.0339,0.0527,-0.0866,"TEX"
"2019-09-13 10:15:00",-0.0526,0.0472,-0.0998,"TEX"
"2019-09-13 10:00:00",-0.07,0.0416,-0.1116,"TEX"
"2019-09-13 09:45:00",-0.0881,0.0339,-0.122,"TEX"
"2019-09-12 16:00:00",-0.136,-0.0055,-0.1305,"TEX"
"2019-09-12 15:45:00",-0.1273,0.0017,-0.1291,"TEX"
"2019-09-12 15:30:00",-0.1277,0.0018,-0.1295,"TEX"
"2019-09-12 15:15:00",-0.1294,6e-04,-0.13,"TEX"
"2019-09-12 15:00:00",-0.1303,-2e-04,-0.1301,"TEX"
"2019-09-12 14:45:00",-0.135,-0.005,-0.1301,"TEX"
"2019-09-12 14:30:00",-0.1418,-0.0129,-0.1288,"TEX"
"2019-09-12 14:15:00",-0.1407,-0.0151,-0.1256,"TEX"
"2019-09-12 14:00:00",-0.14,-0.0182,-0.1218,"TEX"
"2019-09-12 13:45:00",-0.1485,-0.0312,-0.1173,"TEX"
"2019-09-12 13:30:00",-0.1566,-0.0472,-0.1094,"TEX"
"2019-09-12 13:15:00",-0.1489,-0.0513,-0.0976,"TEX"
"2019-09-12 13:00:00",-0.1467,-0.0618,-0.0848,"TEX"
"2019-09-12 12:45:00",-0.1391,-0.0697,-0.0694,"TEX"
"2019-09-12 12:30:00",-0.1385,-0.0866,-0.0519,"TEX"
"2019-09-12 12:15:00",-0.1246,-0.0944,-0.0303,"TEX"
"2019-09-12 12:00:00",-0.1031,-0.0964,-0.0067,"TEX"
"2019-09-12 11:45:00",-0.0863,-0.1036,0.0174,"TEX"
"2019-09-12 11:30:00",-0.0609,-0.1042,0.0433,"TEX"
"2019-09-12 11:15:00",-0.0231,-0.0924,0.0693,"TEX"
"2019-09-12 11:00:00",0.0242,-0.0682,0.0925,"TEX"
"2019-09-12 10:45:00",0.059,-0.0505,0.1095,"TEX"
"2019-09-12 10:30:00",0.0908,-0.0313,0.1221,"TEX"
"2019-09-12 10:15:00",0.0963,-0.0336,0.13,"TEX"
"2019-09-12 10:00:00",0.0917,-0.0466,0.1384,"TEX"
"2019-09-12 09:45:00",0.123,-0.0271,0.15,"TEX"
"2019-09-11 16:00:00",0.1287,-0.0281,0.1568,"TEX"
"2019-09-11 15:45:00",0.139,-0.0248,0.1638,"TEX"
"2019-09-11 15:30:00",0.145,-0.025,0.17,"TEX"
"2019-09-11 15:15:00",0.1493,-0.0269,0.1762,"TEX"
"2019-09-11 15:00:00",0.1483,-0.0346,0.183,"TEX"
"2019-09-11 14:45:00",0.1586,-0.033,0.1916,"TEX"
"2019-09-11 14:30:00",0.1678,-0.0321,0.1999,"TEX"
"2019-09-11 14:15:00",0.1746,-0.0333,0.2079,"TEX"
"2019-09-11 14:00:00",0.1787,-0.0375,0.2163,"TEX"
"2019-09-11 13:45:00",0.1926,-0.033,0.2256,"TEX"
"2019-09-11 13:30:00",0.1979,-0.036,0.2339,"TEX"
"2019-09-11 13:15:00",0.2135,-0.0294,0.2429,"TEX"
"2019-09-11 13:00:00",0.2265,-0.0237,0.2502,"TEX"
"2019-09-11 12:45:00",0.2385,-0.0176,0.2561,"TEX"
"2019-09-11 12:30:00",0.2468,-0.0137,0.2605,"TEX"
"2019-09-11 12:15:00",0.2624,-0.0015,0.264,"TEX"
"2019-09-11 12:00:00",0.2673,0.003,0.2644,"TEX"
"2019-09-11 11:45:00",0.2758,0.0122,0.2636,"TEX"
"2019-09-11 11:30:00",0.2786,0.018,0.2606,"TEX"
"2019-09-11 11:15:00",0.2851,0.0291,0.2561,"TEX"
"2019-09-11 11:00:00",0.2751,0.0263,0.2488,"TEX"
"2019-09-11 10:45:00",0.2645,0.0223,0.2422,"TEX"
"2019-09-11 10:30:00",0.2454,0.0087,0.2366,"TEX"
"2019-09-11 10:15:00",0.2275,-0.0069,0.2344,"TEX"
"2019-09-11 10:00:00",0.2093,-0.0269,0.2362,"TEX"
"2019-09-11 09:45:00",0.1992,-0.0437,0.2429,"TEX"
"2019-09-10 16:00:00",0.2062,-0.0476,0.2538,"TEX"
"2019-09-10 15:45:00",0.222,-0.0438,0.2658,"TEX"
"2019-09-10 15:30:00",0.2296,-0.0471,0.2767,"TEX"
"2019-09-10 15:15:00",0.2392,-0.0493,0.2885,"TEX"
"2019-09-10 15:00:00",0.2509,-0.0498,0.3008,"TEX"
"2019-09-10 14:45:00",0.2776,-0.0356,0.3133,"TEX"
"2019-09-10 14:30:00",0.2974,-0.0247,0.3222,"TEX"
"2019-09-10 14:15:00",0.3113,-0.0171,0.3284,"TEX"
"2019-09-10 14:00:00",0.3218,-0.0108,0.3326,"TEX"
"2019-09-10 13:45:00",0.3301,-0.0052,0.3353,"TEX"
"2019-09-10 13:30:00",0.338,0.0013,0.3366,"TEX"
"2019-09-10 13:15:00",0.3434,0.0071,0.3363,"TEX"
"2019-09-10 13:00:00",0.3591,0.0246,0.3345,"TEX"
"2019-09-10 12:45:00",0.3669,0.0386,0.3284,"TEX"
"2019-09-10 12:30:00",0.367,0.0483,0.3187,"TEX"
"2019-09-10 12:15:00",0.3627,0.056,0.3067,"TEX"
"2019-09-10 12:00:00",0.3579,0.0653,0.2927,"TEX"
"2019-09-10 11:45:00",0.3413,0.0649,0.2763,"TEX"
"2019-09-10 11:30:00",0.3323,0.0722,0.2601,"TEX"
"2019-09-10 11:15:00",0.3164,0.0743,0.2421,"TEX"
"2019-09-10 11:00:00",0.2881,0.0646,0.2235,"TEX"
"2019-09-10 10:45:00",0.2681,0.0608,0.2073,"TEX"
"2019-09-10 10:30:00",0.2428,0.0507,0.1921,"TEX"
"2019-09-10 10:15:00",0.2206,0.0412,0.1795,"TEX"
"2019-09-10 10:00:00",0.1963,0.0271,0.1692,"TEX"
"2019-09-10 09:45:00",0.1782,0.0158,0.1624,"TEX"
"2019-09-09 16:00:00",0.1383,-0.0201,0.1584,"TEX"
"2019-09-09 15:45:00",0.1433,-0.0201,0.1635,"TEX"
"2019-09-09 15:30:00",0.1497,-0.0188,0.1685,"TEX"
"2019-09-09 15:15:00",0.1527,-0.0205,0.1732,"TEX"
"2019-09-09 15:00:00",0.1593,-0.0191,0.1783,"TEX"
"2019-09-09 14:45:00",0.1654,-0.0177,0.1831,"TEX"
"2019-09-09 14:30:00",0.1694,-0.0182,0.1875,"TEX"
"2019-09-09 14:15:00",0.1744,-0.0176,0.1921,"TEX"
"2019-09-09 14:00:00",0.1829,-0.0136,0.1965,"TEX"
"2019-09-09 13:45:00",0.1906,-0.0093,0.1999,"TEX"
"2019-09-09 13:30:00",0.1951,-0.0071,0.2022,"TEX"
"2019-09-09 13:15:00",0.2051,0.0012,0.204,"TEX"
"2019-09-09 13:00:00",0.2175,0.0138,0.2037,"TEX"
"2019-09-09 12:45:00",0.229,0.0288,0.2002,"TEX"
"2019-09-09 12:30:00",0.2415,0.0485,0.193,"TEX"
"2019-09-09 12:15:00",0.2369,0.056,0.1809,"TEX"
"2019-09-09 12:00:00",0.2262,0.0594,0.1669,"TEX"
"2019-09-09 11:45:00",0.2226,0.0705,0.1521,"TEX"
"2019-09-09 11:30:00",0.2223,0.0879,0.1344,"TEX"
"2019-09-09 11:15:00",0.205,0.0926,0.1124,"TEX"
"2019-09-09 11:00:00",0.1723,0.083,0.0893,"TEX"
"2019-09-09 10:45:00",0.1428,0.0743,0.0686,"TEX"
"2019-09-09 10:30:00",0.1163,0.0663,0.05,"TEX"
"2019-09-09 10:15:00",0.0859,0.0525,0.0334,"TEX"
"2019-09-09 10:00:00",0.0474,0.0271,0.0203,"TEX"
"2019-09-09 09:45:00",0.0154,0.0019,0.0135,"TEX"
"2019-09-06 16:00:00",-0.0105,-0.0235,0.013,"TEX"
"2019-09-06 15:45:00",-0.0067,-0.0256,0.0189,"TEX"
"2019-09-06 15:30:00",-0.0063,-0.0316,0.0253,"TEX"
"2019-09-06 15:15:00",-0.0073,-0.0405,0.0332,"TEX"
"2019-09-06 15:00:00",-0.0013,-0.0446,0.0433,"TEX"
"2019-09-06 14:45:00",0.0115,-0.0429,0.0545,"TEX"
"2019-09-06 14:30:00",0.0205,-0.0447,0.0652,"TEX"
"2019-09-06 14:15:00",0.0317,-0.0446,0.0764,"TEX"
"2019-09-06 14:00:00",0.0442,-0.0434,0.0875,"TEX"
"2019-09-06 13:45:00",0.0618,-0.0366,0.0984,"TEX"
"2019-09-06 13:30:00",0.0763,-0.0312,0.1075,"TEX"
"2019-09-06 13:15:00",0.0923,-0.023,0.1153,"TEX"
"2019-09-06 13:00:00",0.101,-0.02,0.121,"TEX"
"2019-09-06 12:45:00",0.1143,-0.0117,0.126,"TEX"
"2019-09-06 12:30:00",0.1235,-0.0055,0.129,"TEX"
"2019-09-06 12:15:00",0.1248,-0.0056,0.1303,"TEX"
"2019-09-06 12:00:00",0.1179,-0.0138,0.1317,"TEX"
"2019-09-06 11:45:00",0.1146,-0.0205,0.1352,"TEX"
"2019-09-06 11:30:00",0.1216,-0.0187,0.1403,"TEX"
"2019-09-06 11:15:00",0.1281,-0.0169,0.145,"TEX"
"2019-09-06 11:00:00",0.1304,-0.0188,0.1492,"TEX"
"2019-09-06 10:45:00",0.1315,-0.0224,0.1539,"TEX"
"2019-09-06 10:30:00",0.131,-0.0285,0.1595,"TEX"
"2019-09-06 10:15:00",0.1382,-0.0285,0.1667,"TEX"
"2019-09-06 10:00:00",0.1465,-0.0273,0.1738,"TEX"
"2019-09-06 09:45:00",0.1512,-0.0294,0.1806,"TEX"
"2019-09-05 16:00:00",0.1569,-0.0311,0.188,"TEX"
"2019-09-05 15:45:00",0.1722,-0.0236,0.1958,"TEX"
"2019-09-05 15:30:00",0.1831,-0.0185,0.2017,"TEX"
"2019-09-05 15:15:00",0.1812,-0.0251,0.2063,"TEX"
"2019-09-05 15:00:00",0.1899,-0.0227,0.2126,"TEX"
"2019-09-05 14:45:00",0.1946,-0.0236,0.2182,"TEX"
"2019-09-05 14:30:00",0.2009,-0.0233,0.2241,"TEX"
"2019-09-05 14:15:00",0.2071,-0.0229,0.23,"TEX"
"2019-09-05 14:00:00",0.2109,-0.0248,0.2357,"TEX"
"2019-09-05 13:45:00",0.2127,-0.0292,0.2419,"TEX"
"2019-09-05 13:30:00",0.223,-0.0262,0.2492,"TEX"
"2019-09-05 13:15:00",0.235,-0.0207,0.2557,"TEX"
"2019-09-05 13:00:00",0.2489,-0.012,0.2609,"TEX"
"2019-09-05 12:45:00",0.2641,2e-04,0.2639,"TEX"
"2019-09-05 12:30:00",0.2782,0.0143,0.2638,"TEX"
"2019-09-05 12:15:00",0.2854,0.0251,0.2603,"TEX"
"2019-09-05 12:00:00",0.2915,0.0375,0.254,"TEX"
"2019-09-05 11:45:00",0.3164,0.0718,0.2446,"TEX"
"2019-09-05 11:30:00",0.3267,0.1001,0.2267,"TEX"
"2019-09-05 11:15:00",0.3245,0.1229,0.2016,"TEX"
"2019-09-05 11:00:00",0.3068,0.1359,0.1709,"TEX"
"2019-09-05 10:45:00",0.2757,0.1388,0.1369,"TEX"
"2019-09-05 10:30:00",0.2305,0.1282,0.1022,"TEX"
"2019-09-05 10:15:00",0.176,0.1058,0.0702,"TEX"
"2019-09-05 10:00:00",0.1232,0.0794,0.0437,"TEX"
"2019-09-05 09:45:00",0.0785,0.0546,0.0239,"TEX"
"2019-09-04 16:00:00",0.0151,0.0049,0.0102,"TEX"
"2019-09-04 15:45:00",0.0166,0.0075,0.009,"TEX"
"2019-09-04 15:30:00",0.0151,0.008,0.0071,"TEX"
"2019-09-04 15:15:00",0.013,0.0079,0.0051,"TEX"
"2019-09-04 15:00:00",0.0112,0.008,0.0032,"TEX"
"2019-09-04 14:45:00",0.0087,0.0075,0.0012,"TEX"
"2019-09-04 14:30:00",0.0063,0.007,-7e-04,"TEX"
"2019-09-04 14:15:00",0.0018,0.0042,-0.0025,"TEX"
"2019-09-04 14:00:00",0,0.0035,-0.0035,"TEX"
"2019-09-04 13:45:00",0.0013,0.0057,-0.0044,"TEX"
"2019-09-04 13:30:00",0.0029,0.0087,-0.0058,"TEX"
"2019-09-04 13:15:00",0.0018,0.0098,-0.008,"TEX"
"2019-09-04 13:00:00",-5e-04,0.0099,-0.0104,"TEX"
"2019-09-04 12:45:00",-0.0035,0.0094,-0.0129,"TEX"
"2019-09-04 12:30:00",-0.0032,0.012,-0.0152,"TEX"
"2019-09-04 12:15:00",0.0029,0.0212,-0.0182,"TEX"
"2019-09-04 12:00:00",0.0081,0.0316,-0.0235,"TEX"
"2019-09-04 11:45:00",0.0104,0.0418,-0.0314,"TEX"
"2019-09-04 11:30:00",0.0054,0.0473,-0.0419,"TEX"
"2019-09-04 11:15:00",0.0027,0.0564,-0.0537,"TEX"
"2019-09-04 11:00:00",-3e-04,0.0675,-0.0678,"TEX"
"2019-09-04 10:45:00",-0.0087,0.076,-0.0847,"TEX"
"2019-09-04 10:30:00",-0.0192,0.0845,-0.1037,"TEX"
"2019-09-04 10:15:00",-0.0314,0.0934,-0.1248,"TEX"
"2019-09-04 10:00:00",-0.0536,0.0945,-0.1482,"TEX"
"2019-09-04 09:45:00",-0.0955,0.0763,-0.1718,"TEX"
"2019-09-03 16:00:00",-0.1478,0.0431,-0.1909,"TEX"
"2019-09-03 15:45:00",-0.1622,0.0395,-0.2016,"TEX"
"2019-09-03 15:30:00",-0.1762,0.0353,-0.2115,"TEX"
"2019-09-03 15:15:00",-0.1925,0.0279,-0.2203,"TEX"
"2019-09-03 15:00:00",-0.2054,0.0219,-0.2273,"TEX"
"2019-09-03 14:45:00",-0.2118,0.0209,-0.2328,"TEX"
"2019-09-03 14:30:00",-0.219,0.0191,-0.238,"TEX"
"2019-09-03 14:15:00",-0.234,0.0087,-0.2428,"TEX"
"2019-09-03 14:00:00",-0.2468,-0.0019,-0.245,"TEX"
"2019-09-03 13:45:00",-0.2504,-0.0059,-0.2445,"TEX"
"2019-09-03 13:30:00",-0.2548,-0.0117,-0.243,"TEX"
"2019-09-03 13:15:00",-0.2562,-0.0161,-0.2401,"TEX"
"2019-09-03 13:00:00",-0.2513,-0.0152,-0.2361,"TEX"
"2019-09-03 12:45:00",-0.2546,-0.0224,-0.2323,"TEX"
"2019-09-03 12:30:00",-0.2592,-0.0326,-0.2267,"TEX"
"2019-09-03 12:15:00",-0.2684,-0.0499,-0.2185,"TEX"
"2019-09-03 12:00:00",-0.2715,-0.0654,-0.2061,"TEX"
"2019-09-03 11:45:00",-0.2752,-0.0855,-0.1897,"TEX"
"2019-09-03 11:30:00",-0.2811,-0.1127,-0.1683,"TEX"
