"times","open","high","low","close","volume","symbol"
"2019-08-27 09:45:00",23.881,23.903,23.7028,23.731,8528,"TEX"
"2019-08-27 10:00:00",23.62,23.79,23.44,23.49,39117,"TEX"
"2019-08-27 10:15:00",23.5208,23.613,23.4828,23.5008,28132,"TEX"
"2019-08-27 10:30:00",23.5499,23.6,23.5,23.5,11144,"TEX"
"2019-08-27 10:45:00",23.48,23.56,23.48,23.54,16258,"TEX"
"2019-08-27 11:00:00",23.53,23.53,23.37,23.39,10332,"TEX"
"2019-08-27 11:15:00",23.375,23.4826,23.3725,23.446,13583,"TEX"
"2019-08-27 11:30:00",23.4708,23.4918,23.3317,23.3608,9585,"TEX"
"2019-08-27 11:45:00",23.33,23.41,23.3,23.33,15755,"TEX"
"2019-08-27 12:00:00",23.34,23.48,23.34,23.4,14017,"TEX"
"2019-08-27 12:15:00",23.39,23.395,23.22,23.23,16736,"TEX"
"2019-08-27 12:30:00",23.25,23.26,23.185,23.2,17736,"TEX"
"2019-08-27 12:45:00",23.2,23.21,23.1,23.105,11662,"TEX"
"2019-08-27 13:00:00",23.11,23.12,23.03,23.06,24485,"TEX"
"2019-08-27 13:15:00",23.05,23.13,23.0379,23.1,22740,"TEX"
"2019-08-27 13:30:00",23.1,23.25,23.08,23.25,42490,"TEX"
"2019-08-27 13:45:00",23.2855,23.4234,23.2683,23.3555,35211,"TEX"
"2019-08-27 14:00:00",23.35,23.36,23.32,23.32,11052,"TEX"
"2019-08-27 14:15:00",23.33,23.35,23.25,23.25,28318,"TEX"
"2019-08-27 14:30:00",23.259,23.31,23.15,23.15,45369,"TEX"
"2019-08-27 14:45:00",23.14,23.21,23.13,23.21,28180,"TEX"
"2019-08-27 15:00:00",23.2,23.34,23.2,23.28,24828,"TEX"
"2019-08-27 15:15:00",23.285,23.34,23.22,23.23,15006,"TEX"
"2019-08-27 15:30:00",23.23,23.24,23.18,23.19,14743,"TEX"
"2019-08-27 15:45:00",23.2008,23.3717,23.1915,23.3208,37906,"TEX"
"2019-08-27 16:00:00",23.32,23.37,23.28,23.29,155857,"TEX"
"2019-08-28 09:45:00",23.1509,23.1722,22.9319,23.0809,26852,"TEX"
"2019-08-28 10:00:00",23.08,23.34,23.04,23.34,33604,"TEX"
"2019-08-28 10:15:00",23.34,23.41,23.15,23.15,20917,"TEX"
"2019-08-28 10:30:00",23.13,23.2126,23.11,23.19,20898,"TEX"
"2019-08-28 10:45:00",23.25,23.38,23.25,23.3501,13290,"TEX"
"2019-08-28 11:00:00",23.35,23.41,23.32,23.35,15022,"TEX"
"2019-08-28 11:15:00",23.38,23.4972,23.36,23.41,44822,"TEX"
"2019-08-28 11:30:00",23.4104,23.6605,23.4002,23.6404,10815,"TEX"
"2019-08-28 11:45:00",23.65,23.75,23.63,23.73,14280,"TEX"
"2019-08-28 12:00:00",23.74,23.85,23.72,23.74,11271,"TEX"
"2019-08-28 12:15:00",23.74,23.74,23.63,23.63,13427,"TEX"
"2019-08-28 12:30:00",23.6248,23.7,23.6,23.6077,12133,"TEX"
"2019-08-28 12:45:00",23.6305,23.6586,23.6006,23.6355,8129,"TEX"
"2019-08-28 13:00:00",23.65,23.67,23.63,23.65,12856,"TEX"
"2019-08-28 13:15:00",23.62,23.65,23.49,23.53,11585,"TEX"
"2019-08-28 13:30:00",23.49,23.55,23.49,23.545,10288,"TEX"
"2019-08-28 13:45:00",23.53,23.58,23.53,23.575,6943,"TEX"
"2019-08-28 14:00:00",23.56,23.57,23.51,23.54,8586,"TEX"
"2019-08-28 14:15:00",23.5356,23.5628,23.5128,23.5206,8678,"TEX"
"2019-08-28 14:30:00",23.53,23.57,23.52,23.57,11090,"TEX"
"2019-08-28 14:45:00",23.57,23.57,23.54,23.54,6182,"TEX"
"2019-08-28 15:00:00",23.54,23.63,23.54,23.6,9122,"TEX"
"2019-08-28 15:15:00",23.5905,23.6286,23.5585,23.5705,9334,"TEX"
"2019-08-28 15:30:00",23.56,23.56,23.45,23.45,9916,"TEX"
"2019-08-28 15:45:00",23.45,23.5,23.44,23.48,21698,"TEX"
"2019-08-28 16:00:00",23.48,23.54,23.45,23.51,76568,"TEX"
"2019-08-29 09:45:00",23.9108,24.1837,23.8534,23.9936,22798,"TEX"
"2019-08-29 10:00:00",23.92,24.21,23.92,24.09,12272,"TEX"
"2019-08-29 10:15:00",24.09,24.29,24.0874,24.205,14758,"TEX"
"2019-08-29 10:30:00",24.2024,24.321,24.2009,24.2804,6356,"TEX"
"2019-08-29 10:45:00",24.2006,24.2535,24.0633,24.1656,17773,"TEX"
"2019-08-29 11:00:00",24.17,24.17,24.07,24.09,3828,"TEX"
"2019-08-29 11:15:00",24.09,24.19,24.08,24.19,4715,"TEX"
"2019-08-29 11:30:00",24.19,24.25,24.18,24.225,4497,"TEX"
"2019-08-29 11:45:00",24.2205,24.3892,24.219,24.3405,13788,"TEX"
"2019-08-29 12:00:00",24.34,24.37,24.27,24.28,11198,"TEX"
"2019-08-29 12:15:00",24.25,24.29,24.25,24.27,4577,"TEX"
"2019-08-29 12:30:00",24.26,24.3,24.26,24.3,4907,"TEX"
"2019-08-29 12:45:00",24.2809,24.3028,24.2227,24.2309,6142,"TEX"
"2019-08-29 13:00:00",24.24,24.28,24.22,24.26,14727,"TEX"
"2019-08-29 13:15:00",24.26,24.26,24.24,24.24,2199,"TEX"
"2019-08-29 13:30:00",24.24,24.34,24.23,24.33,13406,"TEX"
"2019-08-29 13:45:00",24.315,24.41,24.315,24.3963,7595,"TEX"
"2019-08-29 14:00:00",24.39,24.39,24.36,24.37,5953,"TEX"
"2019-08-29 14:15:00",24.375,24.47,24.375,24.47,11578,"TEX"
"2019-08-29 14:30:00",24.47,24.63,24.45,24.61,39487,"TEX"
"2019-08-29 14:45:00",24.61,24.65,24.61,24.64,13180,"TEX"
"2019-08-29 15:00:00",24.64,24.66,24.62,24.64,12063,"TEX"
"2019-08-29 15:15:00",24.62,24.72,24.62,24.62,24514,"TEX"
"2019-08-29 15:30:00",24.625,24.64,24.575,24.575,25125,"TEX"
"2019-08-29 15:45:00",24.565,24.67,24.565,24.63,39422,"TEX"
"2019-08-29 16:00:00",24.63,24.68,24.56,24.63,124174,"TEX"
"2019-08-30 09:45:00",24.9407,25.0643,24.8641,24.9307,19092,"TEX"
"2019-08-30 10:00:00",24.84,24.95,24.83,24.85,9261,"TEX"
"2019-08-30 10:15:00",24.86,25.06,24.82,25,16384,"TEX"
"2019-08-30 10:30:00",25.031,25.0541,24.8739,24.891,7404,"TEX"
"2019-08-30 10:45:00",24.9309,24.9634,24.8733,24.9209,14371,"TEX"
"2019-08-30 11:00:00",24.95,24.98,24.84,24.89,7457,"TEX"
"2019-08-30 11:15:00",24.87,24.87,24.675,24.675,5395,"TEX"
"2019-08-30 11:30:00",24.7,24.8,24.68,24.79,4532,"TEX"
"2019-08-30 11:45:00",24.82,24.87,24.81,24.855,11339,"TEX"
"2019-08-30 12:00:00",24.89,24.94,24.86,24.93,9312,"TEX"
"2019-08-30 12:15:00",24.9405,24.9897,24.9196,24.9505,8973,"TEX"
"2019-08-30 12:30:00",24.9408,25.0045,24.9344,24.9608,5273,"TEX"
"2019-08-30 12:45:00",24.95,24.96,24.92,24.94,8169,"TEX"
"2019-08-30 13:00:00",24.94,24.98,24.93,24.93,10830,"TEX"
"2019-08-30 13:15:00",24.9332,24.935,24.85,24.87,9533,"TEX"
"2019-08-30 13:30:00",24.86,24.89,24.84,24.87,8020,"TEX"
"2019-08-30 13:45:00",24.87,24.9,24.845,24.86,9491,"TEX"
"2019-08-30 14:00:00",24.84,24.85,24.8,24.81,7952,"TEX"
"2019-08-30 14:15:00",24.82,24.87,24.82,24.8557,10691,"TEX"
"2019-08-30 14:30:00",24.86,24.9,24.84,24.895,9489,"TEX"
"2019-08-30 14:45:00",24.896,24.924,24.8138,24.821,12680,"TEX"
"2019-08-30 15:00:00",24.83,24.84,24.76,24.8,12181,"TEX"
"2019-08-30 15:15:00",24.8004,24.8715,24.7915,24.7974,31750,"TEX"
"2019-08-30 15:30:00",24.79,24.89,24.79,24.88,19406,"TEX"
"2019-08-30 15:45:00",24.881,24.9589,24.8787,24.901,31981,"TEX"
"2019-08-30 16:00:00",24.89,24.93,24.83,24.85,88538,"TEX"
"2019-09-03 09:45:00",24.5605,24.5793,24.199,24.2805,19700,"TEX"
"2019-09-03 10:00:00",24.33,24.43,24.22,24.29,10801,"TEX"
"2019-09-03 10:15:00",24.245,24.245,23.79,23.8,29947,"TEX"
"2019-09-03 10:30:00",23.821,23.9029,23.7227,23.771,25894,"TEX"
"2019-09-03 10:45:00",23.7809,23.8922,23.672,23.7559,17548,"TEX"
"2019-09-03 11:00:00",23.76,23.84,23.7,23.83,16486,"TEX"
"2019-09-03 11:15:00",23.8305,23.8738,23.7187,23.7605,16508,"TEX"
"2019-09-03 11:30:00",23.76,23.97,23.76,23.95,9333,"TEX"
"2019-09-03 11:45:00",23.98,24.06,23.96,24,12293,"TEX"
"2019-09-03 12:00:00",23.99,24.01,23.93,23.95,15042,"TEX"
"2019-09-03 12:15:00",23.9409,23.9724,23.8824,23.9509,13573,"TEX"
"2019-09-03 12:30:00",23.95,24.02,23.94,23.96,13555,"TEX"
"2019-09-03 12:45:00",23.95,23.95,23.86,23.86,10924,"TEX"
"2019-09-03 13:00:00",23.86,23.91,23.74,23.74,13319,"TEX"
"2019-09-03 13:15:00",23.74,23.78,23.73,23.77,14469,"TEX"
"2019-09-03 13:30:00",23.77,23.81,23.755,23.79,11067,"TEX"
"2019-09-03 13:45:00",23.78,23.8138,23.72,23.73,15392,"TEX"
"2019-09-03 14:00:00",23.73,23.78,23.72,23.76,10727,"TEX"
"2019-09-03 14:15:00",23.76,23.87,23.76,23.845,15236,"TEX"
"2019-09-03 14:30:00",23.84,23.9,23.79,23.8,16912,"TEX"
"2019-09-03 14:45:00",23.8,23.81,23.76,23.78,29866,"TEX"
"2019-09-03 15:00:00",23.78,23.79,23.71,23.77,19974,"TEX"
"2019-09-03 15:15:00",23.77,23.86,23.77,23.86,12537,"TEX"
"2019-09-03 15:30:00",23.87,23.91,23.85,23.88,18790,"TEX"
"2019-09-03 15:45:00",23.89,23.9,23.84,23.86,36691,"TEX"
"2019-09-03 16:00:00",23.87,23.92,23.71,23.77,150505,"TEX"
"2019-09-04 09:45:00",24.2109,24.4129,24.2027,24.3309,15644,"TEX"
"2019-09-04 10:00:00",24.41,24.41,24.14,24.17,6423,"TEX"
"2019-09-04 10:15:00",24.1205,24.2704,24.0889,24.0905,6933,"TEX"
"2019-09-04 10:30:00",24.11,24.2,24.09,24.2,4591,"TEX"
"2019-09-04 10:45:00",24.17,24.21,24.12,24.13,7166,"TEX"
"2019-09-04 11:00:00",24.12,24.21,24.1,24.19,4667,"TEX"
"2019-09-04 11:15:00",24.15,24.165,24.06,24.06,8523,"TEX"
"2019-09-04 11:30:00",24.1,24.17,24.1,24.13,4986,"TEX"
"2019-09-04 11:45:00",24.12,24.2076,24.12,24.16,5351,"TEX"
"2019-09-04 12:00:00",24.12,24.13,24.05,24.05,5782,"TEX"
"2019-09-04 12:15:00",24.07,24.09,24.04,24.04,6015,"TEX"
"2019-09-04 12:30:00",24.0006,24.0633,23.9832,24.0306,6547,"TEX"
"2019-09-04 12:45:00",24.0299,24.12,24.0299,24.09,7280,"TEX"
"2019-09-04 13:00:00",24.09,24.16,24.07,24.14,4143,"TEX"
"2019-09-04 13:15:00",24.11,24.16,24.11,24.12,4624,"TEX"
"2019-09-04 13:30:00",24.1074,24.15,24.09,24.13,4778,"TEX"
"2019-09-04 13:45:00",24.12,24.12,24.09,24.11,3876,"TEX"
"2019-09-04 14:00:00",24.12,24.12,24.1,24.1,4752,"TEX"
"2019-09-04 14:15:00",24.105,24.155,24.105,24.12,10208,"TEX"
"2019-09-04 14:30:00",24.13,24.195,24.13,24.17,9835,"TEX"
"2019-09-04 14:45:00",24.17,24.18,24.15,24.17,7562,"TEX"
"2019-09-04 15:00:00",24.17,24.19,24.14,24.14,7618,"TEX"
"2019-09-04 15:15:00",24.145,24.19,24.14,24.19,13707,"TEX"
"2019-09-04 15:30:00",24.19,24.2,24.15,24.16,13992,"TEX"
"2019-09-04 15:45:00",24.17,24.2,24.12,24.13,27672,"TEX"
"2019-09-04 16:00:00",24.13,24.17,24.05,24.11,74197,"TEX"
"2019-09-05 09:45:00",24.47,24.98,24.47,24.88,21675,"TEX"
"2019-09-05 10:00:00",24.83,24.93,24.83,24.86,5104,"TEX"
"2019-09-05 10:15:00",24.88,25.17,24.88,25.12,17631,"TEX"
"2019-09-05 10:30:00",25.13,25.36,25.12,25.29,21101,"TEX"
"2019-09-05 10:45:00",25.2708,25.4247,25.2646,25.3708,14049,"TEX"
"2019-09-05 11:00:00",25.33,25.41,25.23,25.26,16456,"TEX"
"2019-09-05 11:15:00",25.32,25.37,25.27,25.27,8523,"TEX"
"2019-09-05 11:30:00",25.27,25.27,25.15,25.1547,8883,"TEX"
"2019-09-05 11:45:00",25.165,25.165,24.92,24.935,33451,"TEX"
"2019-09-05 12:00:00",24.95,25,24.86,24.89,159886,"TEX"
"2019-09-05 12:15:00",24.88,25.21,24.88,25.185,89088,"TEX"
"2019-09-05 12:30:00",25.2,25.22,25.15,25.15,16025,"TEX"
"2019-09-05 12:45:00",25.131,25.1541,25.059,25.101,9640,"TEX"
"2019-09-05 13:00:00",25.13,25.14,25.08,25.1,5232,"TEX"
"2019-09-05 13:15:00",25.095,25.15,25.06,25.08,9756,"TEX"
"2019-09-05 13:30:00",25.08,25.17,25.08,25.15,8300,"TEX"
"2019-09-05 13:45:00",25.14,25.19,25.14,25.165,4495,"TEX"
"2019-09-05 14:00:00",25.18,25.3,25.18,25.28,12742,"TEX"
"2019-09-05 14:15:00",25.2761,25.2993,25.1892,25.2211,12823,"TEX"
"2019-09-05 14:30:00",25.2359,25.2885,25.1934,25.2509,50354,"TEX"
"2019-09-05 14:45:00",25.26,25.3,25.23,25.28,8664,"TEX"
"2019-09-05 15:00:00",25.27,25.33,25.25,25.26,32139,"TEX"
"2019-09-05 15:15:00",25.271,25.2942,25.2442,25.246,12634,"TEX"
"2019-09-05 15:30:00",25.25,25.43,25.25,25.28,69248,"TEX"
"2019-09-05 15:45:00",25.29,25.3,25.22,25.225,32757,"TEX"
"2019-09-05 16:00:00",25.23,25.24,25.16,25.19,78391,"TEX"
"2019-09-06 09:45:00",25.3204,25.3419,25.0317,25.0404,9516,"TEX"
"2019-09-06 10:00:00",25.03,25.36,25.03,25.21,4352,"TEX"
"2019-09-06 10:15:00",25.2309,25.3235,25.1533,25.2709,13016,"TEX"
"2019-09-06 10:30:00",25.3007,25.3345,25.2595,25.3007,6567,"TEX"
"2019-09-06 10:45:00",25.3,25.43,25.29,25.42,4687,"TEX"
"2019-09-06 11:00:00",25.42,25.43,25.33,25.35,6724,"TEX"
"2019-09-06 11:15:00",25.34,25.43,25.34,25.385,6989,"TEX"
"2019-09-06 11:30:00",25.37,25.39,25.29,25.29,7942,"TEX"
"2019-09-06 11:45:00",25.291,25.3843,25.2742,25.341,4279,"TEX"
"2019-09-06 12:00:00",25.35,25.51,25.33,25.5,32323,"TEX"
"2019-09-06 12:15:00",25.51,25.58,25.5,25.5,11855,"TEX"
"2019-09-06 12:30:00",25.515,25.515,25.43,25.44,4448,"TEX"
"2019-09-06 12:45:00",25.43,25.43,25.35,25.35,3538,"TEX"
"2019-09-06 13:00:00",25.37,25.37,25.33,25.36,2962,"TEX"
"2019-09-06 13:15:00",25.38,25.4059,25.26,25.26,12230,"TEX"
"2019-09-06 13:30:00",25.2709,25.3035,25.2634,25.2709,6967,"TEX"
"2019-09-06 13:45:00",25.27,25.29,25.2138,25.2138,3932,"TEX"
"2019-09-06 14:00:00",25.19,25.22,25.19,25.22,2023,"TEX"
"2019-09-06 14:15:00",25.221,25.2442,25.1841,25.191,5089,"TEX"
"2019-09-06 14:30:00",25.17,25.23,25.17,25.21,4099,"TEX"
"2019-09-06 14:45:00",25.2,25.23,25.16,25.18,5865,"TEX"
"2019-09-06 15:00:00",25.16,25.16,25.07,25.08,13256,"TEX"
"2019-09-06 15:15:00",25.11,25.21,25.11,25.21,33671,"TEX"
"2019-09-06 15:30:00",25.25,25.28,25.23,25.251,11505,"TEX"
"2019-09-06 15:45:00",25.25,25.265,25.2,25.215,16809,"TEX"
"2019-09-06 16:00:00",25.22,25.22,25.11,25.19,96536,"TEX"
"2019-09-09 09:45:00",25.31,25.58,25.31,25.57,15890,"TEX"
"2019-09-09 10:00:00",25.51,25.73,25.49,25.73,29657,"TEX"
"2019-09-09 10:15:00",25.7511,25.9049,25.7397,25.8061,14850,"TEX"
"2019-09-09 10:30:00",25.78,25.92,25.78,25.92,13148,"TEX"
"2019-09-09 10:45:00",25.92,25.97,25.78,25.93,16316,"TEX"
"2019-09-09 11:00:00",25.94,26.1,25.94,26.07,21968,"TEX"
"2019-09-09 11:15:00",26.071,26.2451,26.0599,26.151,17595,"TEX"
"2019-09-09 11:30:00",26.12,26.17,26,26.02,15836,"TEX"
"2019-09-09 11:45:00",26.0107,26.0352,25.8851,26.0007,14429,"TEX"
"2019-09-09 12:00:00",26.01,26.11,25.98,26.11,12973,"TEX"
"2019-09-09 12:15:00",26.14,26.24,26.13,26.1721,22380,"TEX"
"2019-09-09 12:30:00",26.1908,26.2266,26.0203,26.0208,14185,"TEX"
"2019-09-09 12:45:00",26.0305,26.0605,25.9604,25.9705,13743,"TEX"
"2019-09-09 13:00:00",25.98,26.07,25.98,26.05,6631,"TEX"
"2019-09-09 13:15:00",26.045,26.06,26.02,26.025,11685,"TEX"
"2019-09-09 13:30:00",26.02,26.085,26.02,26.0596,6490,"TEX"
"2019-09-09 13:45:00",26.081,26.1545,26.0344,26.041,19478,"TEX"
"2019-09-09 14:00:00",26.05,26.13,26.04,26.11,10663,"TEX"
"2019-09-09 14:15:00",26.1007,26.1253,26.0447,26.0607,8548,"TEX"
"2019-09-09 14:30:00",26.06,26.17,26.06,26.15,9601,"TEX"
"2019-09-09 14:45:00",26.1509,26.1943,26.1142,26.1409,13671,"TEX"
"2019-09-09 15:00:00",26.14,26.18,26.13,26.13,10508,"TEX"
"2019-09-09 15:15:00",26.12,26.18,26.11,26.175,17876,"TEX"
"2019-09-09 15:30:00",26.18,26.23,26.16,26.195,27323,"TEX"
"2019-09-09 15:45:00",26.195,26.2,26.14,26.15,32344,"TEX"
"2019-09-09 16:00:00",26.15,26.22,26.14,26.22,87707,"TEX"
"2019-09-10 09:45:00",26.29,26.79,26.23,26.62,24635,"TEX"
"2019-09-10 10:00:00",26.52,26.65,26.44,26.61,29785,"TEX"
"2019-09-10 10:15:00",26.61,26.805,26.61,26.78,13746,"TEX"
"2019-09-10 10:30:00",26.7709,26.8761,26.6559,26.8209,18387,"TEX"
"2019-09-10 10:45:00",26.85,27.01,26.85,26.985,20919,"TEX"
"2019-09-10 11:00:00",26.97,27.05,26.92,27.02,19627,"TEX"
"2019-09-10 11:15:00",27.01,27.25,26.995,27.22,22471,"TEX"
"2019-09-10 11:30:00",27.2,27.2169,27.1,27.11,15571,"TEX"
"2019-09-10 11:45:00",27.09,27.22,27.07,27.2,19608,"TEX"
"2019-09-10 12:00:00",27.2,27.39,27.19,27.33,22308,"TEX"
"2019-09-10 12:15:00",27.3107,27.3365,27.1563,27.2507,12140,"TEX"
"2019-09-10 12:30:00",27.2511,27.3962,27.2511,27.3661,14574,"TEX"
"2019-09-10 12:45:00",27.371,27.4054,27.2753,27.291,38708,"TEX"
"2019-09-10 13:00:00",27.29,27.36,27.27,27.27,10814,"TEX"
"2019-09-10 13:15:00",27.2605,27.2915,27.2314,27.2705,11533,"TEX"
"2019-09-10 13:30:00",27.3009,27.4269,27.2767,27.3759,12182,"TEX"
"2019-09-10 13:45:00",27.35,27.43,27.34,27.42,6252,"TEX"
"2019-09-10 14:00:00",27.41,27.45,27.36,27.38,17319,"TEX"
"2019-09-10 14:15:00",27.391,27.4457,27.3756,27.411,10791,"TEX"
"2019-09-10 14:30:00",27.42,27.42,27.32,27.325,15492,"TEX"
"2019-09-10 14:45:00",27.34,27.35,27.19,27.19,23885,"TEX"
"2019-09-10 15:00:00",27.18,27.25,27.13,27.24,56859,"TEX"
"2019-09-10 15:15:00",27.25,27.4,27.24,27.38,17512,"TEX"
"2019-09-10 15:30:00",27.37,27.43,27.35,27.405,26500,"TEX"
"2019-09-10 15:45:00",27.4011,27.4614,27.3413,27.3461,48980,"TEX"
"2019-09-10 16:00:00",27.35,27.37,27.21,27.25,159848,"TEX"
"2019-09-11 09:45:00",27.2807,27.4666,26.836,27.1607,28755,"TEX"
"2019-09-11 10:00:00",27.29,27.69,27.28,27.57,28024,"TEX"
"2019-09-11 10:15:00",27.58,27.85,27.49,27.81,16666,"TEX"
"2019-09-11 10:30:00",27.7512,27.9268,27.7066,27.9012,34397,"TEX"
"2019-09-11 10:45:00",27.861,28.0262,27.826,27.891,60618,"TEX"
"2019-09-11 11:00:00",27.87,28.01,27.79,28,24583,"TEX"
"2019-09-11 11:15:00",27.99,28.07,27.91,27.91,23881,"TEX"
"2019-09-11 11:30:00",27.91,27.93,27.74,27.74,12828,"TEX"
"2019-09-11 11:45:00",27.79,28,27.78,27.87,53855,"TEX"
"2019-09-11 12:00:00",27.88,27.96,27.81,27.93,66376,"TEX"
"2019-09-11 12:15:00",27.91,28.02,27.89,27.92,41745,"TEX"
"2019-09-11 12:30:00",27.91,27.91,27.76,27.77,26241,"TEX"
"2019-09-11 12:45:00",27.7705,27.9942,27.764,27.9705,15790,"TEX"
"2019-09-11 13:00:00",27.95,27.96,27.82,27.82,26782,"TEX"
"2019-09-11 13:15:00",27.861,27.9462,27.8561,27.861,15270,"TEX"
"2019-09-11 13:30:00",27.84,27.91,27.84,27.86,12394,"TEX"
"2019-09-11 13:45:00",27.86,28.025,27.84,27.91,38632,"TEX"
"2019-09-11 14:00:00",27.9,27.93,27.87,27.91,13519,"TEX"
"2019-09-11 14:15:00",27.91,28.04,27.87,27.89,26523,"TEX"
"2019-09-11 14:30:00",27.9,28.02,27.88,27.9,40076,"TEX"
"2019-09-11 14:45:00",27.9162,27.9969,27.8868,27.9112,18804,"TEX"
"2019-09-11 15:00:00",27.9,27.98,27.88,27.92,29703,"TEX"
"2019-09-11 15:15:00",27.9305,28.1143,27.9242,28.0505,23717,"TEX"
"2019-09-11 15:30:00",28.0305,28.0721,27.992,28.0105,27269,"TEX"
"2019-09-11 15:45:00",28.01,28.06,27.99,28.01,53723,"TEX"
"2019-09-11 16:00:00",28,28.01,27.91,28,122170,"TEX"
"2019-09-12 09:45:00",28.0205,28.0571,27.4716,27.6005,21308,"TEX"
"2019-09-12 10:00:00",27.73,27.74,27.43,27.61,40800,"TEX"
"2019-09-12 10:15:00",27.6107,28.1172,27.4966,27.9157,29316,"TEX"
"2019-09-12 10:30:00",27.8711,28.0168,27.6765,27.6961,19630,"TEX"
"2019-09-12 10:45:00",27.68,27.685,27.5,27.5074,64209,"TEX"
"2019-09-12 11:00:00",27.52,27.57,27.12,27.12,51061,"TEX"
"2019-09-12 11:15:00",27.1305,27.3215,27.0413,27.1905,48569,"TEX"
"2019-09-12 11:30:00",27.2,27.31,27.1875,27.25,19638,"TEX"
"2019-09-12 11:45:00",27.2404,27.3537,27.1635,27.3304,59417,"TEX"
"2019-09-12 12:00:00",27.33,27.38,27.16,27.22,46159,"TEX"
"2019-09-12 12:15:00",27.21,27.26,27.12,27.12,21764,"TEX"
"2019-09-12 12:30:00",27.11,27.28,27.11,27.18,30575,"TEX"
"2019-09-12 12:45:00",27.18,27.39,27.175,27.26,26132,"TEX"
"2019-09-12 13:00:00",27.26,27.28,27.17,27.19,22287,"TEX"
"2019-09-12 13:15:00",27.19,27.305,27.18,27.18,22255,"TEX"
"2019-09-12 13:30:00",27.175,27.21,27.15,27.2,77365,"TEX"
"2019-09-12 13:45:00",27.205,27.365,27.205,27.365,25913,"TEX"
"2019-09-12 14:00:00",27.37,27.37,27.24,27.24,17389,"TEX"
"2019-09-12 14:15:00",27.2254,27.2586,27.1335,27.1704,22951,"TEX"
"2019-09-12 14:30:00",27.1805,27.2314,27.1413,27.1605,26292,"TEX"
"2019-09-12 14:45:00",27.1711,27.3061,27.166,27.2811,41135,"TEX"
"2019-09-12 15:00:00",27.28,27.28,27.09,27.2,24964,"TEX"
"2019-09-12 15:15:00",27.1909,27.2265,27.1164,27.1409,24464,"TEX"
"2019-09-12 15:30:00",27.15,27.22,27.13,27.18,33228,"TEX"
"2019-09-12 15:45:00",27.19,27.19,27.02,27.02,83379,"TEX"
"2019-09-12 16:00:00",27.04,27.06,26.9,26.91,170147,"TEX"
"2019-09-13 09:45:00",27.43,27.725,27.16,27.16,47163,"TEX"
"2019-09-13 10:00:00",27.23,27.47,27.21,27.36,14870,"TEX"
"2019-09-13 10:15:00",27.4,27.5,27.235,27.235,20819,"TEX"
"2019-09-13 10:30:00",27.235,27.555,27.21,27.43,18446,"TEX"
"2019-09-13 10:45:00",27.4351,27.63,27.4,27.41,29152,"TEX"
"2019-09-13 11:00:00",27.42,27.64,27.41,27.56,22431,"TEX"
"2019-09-13 11:15:00",27.56,27.6,27.49,27.505,19939,"TEX"
"2019-09-13 11:30:00",27.49,27.58,27.49,27.52,28836,"TEX"
"2019-09-13 11:45:00",27.52,27.62,27.51,27.6,40349,"TEX"
"2019-09-13 12:00:00",27.6,27.61,27.47,27.5,25109,"TEX"
"2019-09-13 12:15:00",27.51,27.615,27.5043,27.55,24182,"TEX"
"2019-09-13 12:30:00",27.5507,27.6317,27.5367,27.6057,22788,"TEX"
"2019-09-13 12:45:00",27.61,27.7,27.58,27.6,25656,"TEX"
"2019-09-13 13:00:00",27.6,27.71,27.56,27.71,23171,"TEX"
"2019-09-13 13:15:00",27.69,27.7191,27.67,27.675,13622,"TEX"
"2019-09-13 13:30:00",27.67,27.74,27.66,27.72,22732,"TEX"
"2019-09-13 13:45:00",27.72,27.72,27.6,27.6,13760,"TEX"
"2019-09-13 14:00:00",27.59,27.69,27.59,27.6,14911,"TEX"
"2019-09-13 14:15:00",27.605,27.72,27.605,27.69,15845,"TEX"
"2019-09-13 14:30:00",27.691,27.7159,27.5658,27.581,25258,"TEX"
"2019-09-13 14:45:00",27.58,27.67,27.58,27.64,14801,"TEX"
"2019-09-13 15:00:00",27.64,27.64,27.53,27.54,21837,"TEX"
"2019-09-13 15:15:00",27.55,27.625,27.53,27.61,27071,"TEX"
"2019-09-13 15:30:00",27.601,27.6356,27.5856,27.596,20458,"TEX"
"2019-09-13 15:45:00",27.59,27.67,27.58,27.59,56153,"TEX"
"2019-09-13 16:00:00",27.59,27.66,27.59,27.64,116956,"TEX"
"2019-09-16 09:45:00",27.4709,27.8871,27.3065,27.6909,13896,"TEX"
"2019-09-16 10:00:00",27.67,27.81,27.62,27.72,10287,"TEX"
"2019-09-16 10:15:00",27.7605,27.8541,27.694,27.7005,25633,"TEX"
"2019-09-16 10:30:00",27.7305,27.8769,27.7218,27.8105,29926,"TEX"
"2019-09-16 10:45:00",27.78,27.92,27.78,27.91,16542,"TEX"
"2019-09-16 11:00:00",27.91,27.96,27.83,27.83,30306,"TEX"
"2019-09-16 11:15:00",27.87,27.95,27.86,27.95,13176,"TEX"
"2019-09-16 11:30:00",27.941,28.0362,27.8761,27.891,16110,"TEX"
"2019-09-16 11:45:00",27.88,27.91,27.76,27.78,12769,"TEX"
"2019-09-16 12:00:00",27.8,27.81,27.74,27.74,8956,"TEX"
"2019-09-16 12:15:00",27.73,27.82,27.71,27.75,11526,"TEX"
"2019-09-16 12:30:00",27.76,27.8379,27.75,27.8379,6195,"TEX"
"2019-09-16 12:45:00",27.84,27.94,27.84,27.87,9738,"TEX"
"2019-09-16 13:00:00",27.88,27.91,27.85,27.9,9429,"TEX"
"2019-09-16 13:15:00",27.89,27.9576,27.865,27.9,12844,"TEX"
"2019-09-16 13:30:00",27.91,27.915,27.87,27.89,20573,"TEX"
"2019-09-16 13:45:00",27.89,28.01,27.88,27.985,24094,"TEX"
"2019-09-16 14:00:00",27.98,27.98,27.91,27.97,21033,"TEX"
"2019-09-16 14:15:00",27.99,27.99,27.89,27.91,15133,"TEX"
"2019-09-16 14:30:00",27.91,28.02,27.895,27.985,16502,"TEX"
"2019-09-16 14:45:00",27.98,27.98,27.9,27.9,13973,"TEX"
"2019-09-16 15:00:00",27.92,27.93,27.89,27.91,17499,"TEX"
"2019-09-16 15:15:00",27.91,27.98,27.91,27.93,14775,"TEX"
"2019-09-16 15:30:00",27.92,27.93,27.88,27.88,16104,"TEX"
"2019-09-16 15:45:00",27.88,27.885,27.84,27.85,31681,"TEX"
"2019-09-16 16:00:00",27.86,27.9,27.84,27.89,107787,"TEX"
"2019-09-17 09:45:00",27.4011,27.5515,27.086,27.2961,32659,"TEX"
"2019-09-17 10:00:00",27.24,27.24,26.95,27.15,53103,"TEX"
"2019-09-17 10:15:00",27.1509,27.2865,27.0863,27.1709,16863,"TEX"
"2019-09-17 10:30:00",27.201,27.4057,27.1454,27.171,30171,"TEX"
"2019-09-17 10:45:00",27.2009,27.2917,27.1766,27.1859,13232,"TEX"
"2019-09-17 11:00:00",27.19,27.36,27.19,27.26,22495,"TEX"
"2019-09-17 11:15:00",27.26,27.4,27.26,27.35,13968,"TEX"
"2019-09-17 11:30:00",27.325,27.47,27.31,27.38,19204,"TEX"
"2019-09-17 11:45:00",27.4,27.45,27.39,27.44,13443,"TEX"
"2019-09-17 12:00:00",27.43,27.43,27.31,27.39,14515,"TEX"
"2019-09-17 12:15:00",27.4011,27.5364,27.3962,27.4711,13454,"TEX"
"2019-09-17 12:30:00",27.47,27.528,27.45,27.528,9870,"TEX"
"2019-09-17 12:45:00",27.51,27.54,27.465,27.48,16592,"TEX"
"2019-09-17 13:00:00",27.48,27.54,27.46,27.53,11242,"TEX"
"2019-09-17 13:15:00",27.53,27.63,27.53,27.61,11288,"TEX"
"2019-09-17 13:30:00",27.62,27.64,27.585,27.59,9270,"TEX"
"2019-09-17 13:45:00",27.585,27.615,27.57,27.58,9832,"TEX"
"2019-09-17 14:00:00",27.57,27.58,27.49,27.51,22908,"TEX"
"2019-09-17 14:15:00",27.51,27.59,27.51,27.54,12912,"TEX"
"2019-09-17 14:30:00",27.55,27.62,27.54,27.545,10697,"TEX"
"2019-09-17 14:45:00",27.546,27.5908,27.4957,27.566,20074,"TEX"
"2019-09-17 15:00:00",27.57,27.63,27.57,27.6,9944,"TEX"
"2019-09-17 15:15:00",27.605,27.665,27.59,27.64,15428,"TEX"
"2019-09-17 15:30:00",27.64,27.66,27.63,27.65,16844,"TEX"
"2019-09-17 15:45:00",27.65,27.71,27.64,27.7,28566,"TEX"
"2019-09-17 16:00:00",27.71,27.84,27.71,27.83,139027,"TEX"
"2019-09-18 09:45:00",27.6411,27.8416,27.4563,27.7611,51891,"TEX"
"2019-09-18 10:00:00",27.82,27.87,27.61,27.71,13207,"TEX"
"2019-09-18 10:15:00",27.7062,27.7967,27.6165,27.7712,20677,"TEX"
"2019-09-18 10:30:00",27.75,27.905,27.75,27.865,11039,"TEX"
"2019-09-18 10:45:00",27.8608,27.915,27.78,27.78,45300,"TEX"
"2019-09-18 11:00:00",27.78,27.86,27.73,27.79,25605,"TEX"
"2019-09-18 11:15:00",27.79,27.83,27.71,27.73,23153,"TEX"
"2019-09-18 11:30:00",27.7305,27.8041,27.724,27.7505,53608,"TEX"
"2019-09-18 11:45:00",27.7507,27.7769,27.6067,27.7157,79439,"TEX"
"2019-09-18 12:00:00",27.72,27.72,27.56,27.61,19040,"TEX"
"2019-09-18 12:15:00",27.62,27.76,27.6,27.7,13537,"TEX"
"2019-09-18 12:30:00",27.7309,27.757,27.6969,27.7059,7218,"TEX"
"2019-09-18 12:45:00",27.7205,27.8319,27.7118,27.7855,15277,"TEX"
"2019-09-18 13:00:00",27.8,27.87,27.78,27.84,10748,"TEX"
"2019-09-18 13:15:00",27.83,27.85,27.77,27.81,15466,"TEX"
"2019-09-18 13:30:00",27.81,27.81,27.695,27.695,14759,"TEX"
"2019-09-18 13:45:00",27.7,27.71,27.59,27.6,21268,"TEX"
"2019-09-18 14:00:00",27.6,27.71,27.52,27.69,24619,"TEX"
"2019-09-18 14:15:00",27.67,27.75,27.45,27.45,19322,"TEX"
"2019-09-18 14:30:00",27.41,27.51,27.38,27.39,26327,"TEX"
"2019-09-18 14:45:00",27.391,27.5306,27.3254,27.471,41477,"TEX"
"2019-09-18 15:00:00",27.47,27.51,27.37,27.51,26589,"TEX"
"2019-09-18 15:15:00",27.4905,27.5667,27.3715,27.5205,36548,"TEX"
"2019-09-18 15:30:00",27.5309,27.567,27.4869,27.5109,36465,"TEX"
"2019-09-18 15:45:00",27.515,27.64,27.5,27.57,57374,"TEX"
"2019-09-18 16:00:00",27.57,27.67,27.53,27.65,81345,"TEX"
"2019-09-19 09:45:00",27.7509,27.9274,27.6171,27.7009,35509,"TEX"
"2019-09-19 10:00:00",27.73,27.91,27.69,27.9,26725,"TEX"
"2019-09-19 10:15:00",27.9411,28.0631,27.8667,27.9511,34225,"TEX"
"2019-09-19 10:30:00",27.95,27.98,27.885,27.885,14368,"TEX"
"2019-09-19 10:45:00",27.9,28.095,27.9,28,23103,"TEX"
"2019-09-19 11:00:00",28.01,28.07,27.99,28.06,15231,"TEX"
"2019-09-19 11:15:00",28.065,28.24,28.04,28.21,55410,"TEX"
"2019-09-19 11:30:00",28.22,28.22,28.08,28.08,13784,"TEX"
"2019-09-19 11:45:00",28.08,28.13,28.01,28.01,8588,"TEX"
"2019-09-19 12:00:00",28,28.01,27.89,27.89,8452,"TEX"
"2019-09-19 12:15:00",27.9,27.98,27.89,27.96,7377,"TEX"
"2019-09-19 12:30:00",27.96,27.96,27.87,27.89,8289,"TEX"
"2019-09-19 12:45:00",27.89,28.055,27.89,28.055,12614,"TEX"
"2019-09-19 13:00:00",28.05,28.05,28.01,28.02,9845,"TEX"
"2019-09-19 13:15:00",28.02,28.06,27.98,27.995,12266,"TEX"
"2019-09-19 13:30:00",27.9811,28.0268,27.9467,27.9811,7064,"TEX"
"2019-09-19 13:45:00",27.971,28.001,27.9309,27.9461,12459,"TEX"
"2019-09-19 14:00:00",27.97,27.98,27.95,27.97,6979,"TEX"
"2019-09-19 14:15:00",27.97,28.01,27.96,27.99,9640,"TEX"
"2019-09-19 14:30:00",27.99,28.015,27.96,27.965,15238,"TEX"
"2019-09-19 14:45:00",27.96,27.96,27.79,27.8,11623,"TEX"
"2019-09-19 15:00:00",27.8,27.8,27.74,27.79,8461,"TEX"
"2019-09-19 15:15:00",27.791,27.8361,27.7059,27.711,14347,"TEX"
"2019-09-19 15:30:00",27.72,27.74,27.69,27.7,17693,"TEX"
"2019-09-19 15:45:00",27.6809,27.7169,27.6469,27.6609,35977,"TEX"
"2019-09-19 16:00:00",27.67,27.74,27.59,27.71,80317,"TEX"
"2019-09-20 09:45:00",27.65,28.18,27.65,27.98,156651,"TEX"
"2019-09-20 10:00:00",27.94,27.94,27.67,27.73,11566,"TEX"
"2019-09-20 10:15:00",27.7213,27.81,27.71,27.79,8089,"TEX"
"2019-09-20 10:30:00",27.7512,27.8267,27.6966,27.7812,8356,"TEX"
"2019-09-20 10:45:00",27.781,27.8661,27.776,27.801,7251,"TEX"
"2019-09-20 11:00:00",27.76,27.78,27.64,27.73,7393,"TEX"
"2019-09-20 11:15:00",27.7007,27.7969,27.6968,27.7107,8535,"TEX"
"2019-09-20 11:30:00",27.71,27.85,27.71,27.84,9621,"TEX"
"2019-09-20 11:45:00",27.825,27.92,27.825,27.92,4201,"TEX"
"2019-09-20 12:00:00",27.94,27.97,27.9,27.97,7570,"TEX"
"2019-09-20 12:15:00",27.9805,28.0521,27.952,28.0005,23518,"TEX"
"2019-09-20 12:30:00",27.99,28.0002,27.85,27.85,11613,"TEX"
"2019-09-20 12:45:00",27.845,27.86,27.79,27.81,14148,"TEX"
"2019-09-20 13:00:00",27.81,27.85,27.79,27.84,7318,"TEX"
"2019-09-20 13:15:00",27.85,27.865,27.625,27.625,10654,"TEX"
"2019-09-20 13:30:00",27.5,27.6,27.42,27.51,9205,"TEX"
"2019-09-20 13:45:00",27.5,27.51,27.44,27.45,12511,"TEX"
"2019-09-20 14:00:00",27.49,27.54,27.42,27.5,11410,"TEX"
"2019-09-20 14:15:00",27.53,27.53,27.44,27.45,7914,"TEX"
"2019-09-20 14:30:00",27.45,27.52,27.44,27.48,9638,"TEX"
"2019-09-20 14:45:00",27.475,27.58,27.47,27.58,11209,"TEX"
"2019-09-20 15:00:00",27.57,27.61,27.55,27.59,13807,"TEX"
"2019-09-20 15:15:00",27.5804,27.6239,27.5068,27.5404,10803,"TEX"
"2019-09-20 15:30:00",27.5505,27.5867,27.4316,27.4405,17812,"TEX"
"2019-09-20 15:45:00",27.45,27.455,27.41,27.42,23410,"TEX"
"2019-09-20 16:00:00",27.4,27.48,27.34,27.38,86237,"TEX"
"2019-09-23 09:45:00",26.971,27.5043,26.8449,27.4798,18751,"TEX"
"2019-09-23 10:00:00",27.52,27.52,27.24,27.24,7120,"TEX"
"2019-09-23 10:15:00",27.111,27.1858,27.0854,27.106,8419,"TEX"
"2019-09-23 10:30:00",27.11,27.26,27.11,27.235,7440,"TEX"
"2019-09-23 10:45:00",27.27,27.35,27.23,27.23,5006,"TEX"
"2019-09-23 11:00:00",27.24,27.24,27.18,27.23,5511,"TEX"
"2019-09-23 11:15:00",27.24,27.36,27.23,27.315,9329,"TEX"
"2019-09-23 11:30:00",27.33,27.45,27.33,27.44,5791,"TEX"
"2019-09-23 11:45:00",27.42,27.495,27.405,27.415,6935,"TEX"
"2019-09-23 12:00:00",27.42,27.5,27.38,27.46,8158,"TEX"
"2019-09-23 12:15:00",27.45,27.45,27.36,27.37,10308,"TEX"
"2019-09-23 12:30:00",27.3505,27.4216,27.2815,27.3955,14821,"TEX"
"2019-09-23 12:45:00",27.39,27.48,27.39,27.43,6383,"TEX"
"2019-09-23 13:00:00",27.44,27.46,27.39,27.41,7596,"TEX"
"2019-09-23 13:15:00",27.43,27.4601,27.38,27.4,10502,"TEX"
"2019-09-23 13:30:00",27.4,27.41,27.34,27.3521,5789,"TEX"
"2019-09-23 13:45:00",27.38,27.46,27.36,27.43,7603,"TEX"
"2019-09-23 14:00:00",27.45,27.49,27.44,27.47,14407,"TEX"
"2019-09-23 14:15:00",27.47,27.53,27.45,27.46,15898,"TEX"
"2019-09-23 14:30:00",27.44,27.51,27.43,27.48,7656,"TEX"
"2019-09-23 14:45:00",27.47,27.48,27.45,27.455,9345,"TEX"
"2019-09-23 15:00:00",27.45,27.46,27.38,27.39,6883,"TEX"
"2019-09-23 15:15:00",27.4,27.43,27.38,27.42,7606,"TEX"
"2019-09-23 15:30:00",27.43,27.47,27.41,27.445,22221,"TEX"
"2019-09-23 15:45:00",27.44,27.44,27.34,27.34,14332,"TEX"
"2019-09-23 16:00:00",27.34,27.38,27.23,27.25,58682,"TEX"
"2019-09-24 09:45:00",27.2804,27.4187,27.2336,27.2704,11764,"TEX"
"2019-09-24 10:00:00",27.23,27.29,27.19,27.24,14106,"TEX"
"2019-09-24 10:15:00",27.151,27.195,26.8349,26.861,16254,"TEX"
"2019-09-24 10:30:00",26.84,26.9,26.75,26.76,9338,"TEX"
"2019-09-24 10:45:00",26.8211,26.9109,26.7958,26.8011,10926,"TEX"
"2019-09-24 11:00:00",26.79,26.8,26.73,26.73,9352,"TEX"
"2019-09-24 11:15:00",26.755,26.755,26.64,26.66,10865,"TEX"
"2019-09-24 11:30:00",26.64,26.66,26.55,26.55,13744,"TEX"
"2019-09-24 11:45:00",26.5511,26.6555,26.4653,26.4711,25817,"TEX"
"2019-09-24 12:00:00",26.51,26.58,26.49,26.52,31414,"TEX"
"2019-09-24 12:15:00",26.5159,26.6759,26.5158,26.5509,30735,"TEX"
"2019-09-24 12:30:00",26.561,26.5949,26.3747,26.411,13821,"TEX"
"2019-09-24 12:45:00",26.4008,26.4309,26.2657,26.2908,24259,"TEX"
"2019-09-24 13:00:00",26.29,26.33,26.19,26.21,27029,"TEX"
"2019-09-24 13:15:00",26.2211,26.2953,26.2052,26.2061,12218,"TEX"
"2019-09-24 13:30:00",26.21,26.21,26.15,26.15,8587,"TEX"
"2019-09-24 13:45:00",26.14,26.29,26.14,26.29,11520,"TEX"
"2019-09-24 14:00:00",26.29,26.33,26.15,26.15,23262,"TEX"
"2019-09-24 14:15:00",26.181,26.3352,26.075,26.2811,19371,"TEX"
"2019-09-24 14:30:00",26.2704,26.3328,26.2427,26.2804,23135,"TEX"
"2019-09-24 14:45:00",26.2707,26.3755,26.2154,26.2507,11155,"TEX"
"2019-09-24 15:00:00",26.24,26.29,26.23,26.24,13520,"TEX"
"2019-09-24 15:15:00",26.24,26.42,26.23,26.39,30793,"TEX"
"2019-09-24 15:30:00",26.39,26.41,26.16,26.17,21857,"TEX"
"2019-09-24 15:45:00",26.1605,26.2256,26.1305,26.1755,38397,"TEX"
"2019-09-24 16:00:00",26.18,26.28,26.17,26.25,132001,"TEX"
"2019-09-25 09:45:00",25.8408,26.07,25.71,25.9408,81494,"TEX"
"2019-09-25 10:00:00",25.93,25.96,25.62,25.74,28670,"TEX"
"2019-09-25 10:15:00",25.7354,25.7823,25.6422,25.6454,28816,"TEX"
"2019-09-25 10:30:00",25.6405,25.695,25.575,25.6826,28705,"TEX"
"2019-09-25 10:45:00",25.726,25.73,25.51,25.571,42849,"TEX"
"2019-09-25 11:00:00",25.6,25.72,25.57,25.72,27045,"TEX"
"2019-09-25 11:15:00",25.7508,25.9,25.69,25.8508,32868,"TEX"
"2019-09-25 11:30:00",25.865,25.91,25.8,25.82,44739,"TEX"
"2019-09-25 11:45:00",25.8208,25.87,25.78,25.8608,18024,"TEX"
"2019-09-25 12:00:00",25.87,25.87,25.78,25.81,16501,"TEX"
"2019-09-25 12:15:00",25.8411,25.8749,25.7648,25.8111,40090,"TEX"
"2019-09-25 12:30:00",25.83,25.965,25.81,25.92,24469,"TEX"
"2019-09-25 12:45:00",25.92,26,25.895,26,37919,"TEX"
"2019-09-25 13:00:00",26.01,26.02,25.97,25.98,12967,"TEX"
"2019-09-25 13:15:00",25.98,26.005,25.98,26,8184,"TEX"
"2019-09-25 13:30:00",26.0084,26.06,25.95,26.0504,26365,"TEX"
"2019-09-25 13:45:00",26.05,26.135,26.05,26.12,13846,"TEX"
"2019-09-25 14:00:00",26.12,26.13,26.09,26.09,39338,"TEX"
"2019-09-25 14:15:00",26.11,26.19,26.05,26.05,41066,"TEX"
"2019-09-25 14:30:00",26.05,26.115,26.04,26.1075,13415,"TEX"
"2019-09-25 14:45:00",26.1,26.11,26.05,26.05,19683,"TEX"
"2019-09-25 15:00:00",26.05,26.08,26.04,26.07,56184,"TEX"
"2019-09-25 15:15:00",26.065,26.11,26.06,26.09,19949,"TEX"
"2019-09-25 15:30:00",26.0811,26.1151,26.0751,26.0911,19450,"TEX"
"2019-09-25 15:45:00",26.09,26.11,26.075,26.1,30616,"TEX"
"2019-09-25 16:00:00",26.1,26.115,26.05,26.05,103433,"TEX"
"2019-09-26 09:45:00",26.01,26.04,25.86,25.88,12283,"TEX"
"2019-09-26 10:00:00",25.98,26.07,25.93,26.07,36280,"TEX"
"2019-09-26 10:15:00",26.0608,26.065,25.93,25.9708,17797,"TEX"
"2019-09-26 10:30:00",25.911,25.95,25.865,25.923,4934,"TEX"
"2019-09-26 10:45:00",25.9408,25.9955,25.9354,25.9708,5837,"TEX"
"2019-09-26 11:00:00",25.97,25.98,25.91,25.91,13487,"TEX"
"2019-09-26 11:15:00",25.9161,25.9399,25.8348,25.9011,7896,"TEX"
"2019-09-26 11:30:00",25.9009,25.91,25.86,25.8909,31554,"TEX"
"2019-09-26 11:45:00",25.9,25.93,25.81,25.81,24598,"TEX"
"2019-09-26 12:00:00",25.8,25.885,25.75,25.88,10773,"TEX"
"2019-09-26 12:15:00",25.88,25.9075,25.87,25.88,18914,"TEX"
"2019-09-26 12:30:00",25.89,25.9,25.87,25.88,14828,"TEX"
"2019-09-26 12:45:00",25.88,25.93,25.88,25.89,37218,"TEX"
"2019-09-26 13:00:00",25.89,25.9,25.85,25.87,16373,"TEX"
"2019-09-26 13:15:00",25.885,25.9,25.835,25.84,11519,"TEX"
"2019-09-26 13:30:00",25.84,25.86,25.76,25.78,10958,"TEX"
"2019-09-26 13:45:00",25.7805,25.8203,25.7803,25.8005,14661,"TEX"
"2019-09-26 14:00:00",25.79,25.8001,25.77,25.8,9309,"TEX"
"2019-09-26 14:15:00",25.8,25.84,25.77,25.84,18739,"TEX"
"2019-09-26 14:30:00",25.84,25.86,25.77,25.78,12881,"TEX"
"2019-09-26 14:45:00",25.781,25.8042,25.7541,25.761,8571,"TEX"
"2019-09-26 15:00:00",25.77,25.79,25.76,25.76,15056,"TEX"
"2019-09-26 15:15:00",25.7707,25.785,25.75,25.7657,19138,"TEX"
"2019-09-26 15:30:00",25.761,25.785,25.745,25.761,29956,"TEX"
"2019-09-26 15:45:00",25.77,25.8,25.74,25.7495,53209,"TEX"
"2019-09-26 16:00:00",25.75,25.765,25.69,25.69,132606,"TEX"
"2019-09-27 09:45:00",25.831,26.195,25.7877,26.116,12807,"TEX"
"2019-09-27 10:00:00",26.1,26.1,25.925,25.93,4338,"TEX"
"2019-09-27 10:15:00",25.8711,25.8949,25.8048,25.8311,12091,"TEX"
"2019-09-27 10:30:00",25.88,25.96,25.88,25.96,14950,"TEX"
"2019-09-27 10:45:00",25.95,26.03,25.95,25.97,19863,"TEX"
"2019-09-27 11:00:00",25.96,25.98,25.93,25.98,11915,"TEX"
"2019-09-27 11:15:00",25.98,26.045,25.98,25.99,13939,"TEX"
"2019-09-27 11:30:00",25.98,26,25.97,26,5293,"TEX"
"2019-09-27 11:45:00",25.9707,26,25.74,25.8357,13116,"TEX"
"2019-09-27 12:00:00",25.75,25.97,25.75,25.95,4735,"TEX"
"2019-09-27 12:15:00",25.9108,25.9654,25.8653,25.9008,6908,"TEX"
"2019-09-27 12:30:00",25.9058,25.9302,25.8151,25.8608,8317,"TEX"
"2019-09-27 12:45:00",25.8455,25.8653,25.8003,25.8005,15024,"TEX"
"2019-09-27 13:00:00",25.77,25.77,25.64,25.68,9493,"TEX"
"2019-09-27 13:15:00",25.65,25.79,25.64,25.76,5551,"TEX"
"2019-09-27 13:30:00",25.7611,25.7848,25.7047,25.7211,11733,"TEX"
"2019-09-27 13:45:00",25.72,25.725,25.69,25.71,10264,"TEX"
"2019-09-27 14:00:00",25.69,25.75,25.65,25.74,9290,"TEX"
"2019-09-27 14:15:00",25.7407,25.7649,25.6749,25.6907,15238,"TEX"
"2019-09-27 14:30:00",25.701,25.71,25.63,25.631,33647,"TEX"
"2019-09-27 14:45:00",25.66,25.66,25.6,25.6,12432,"TEX"
"2019-09-27 15:00:00",25.59,25.59,25.54,25.54,11677,"TEX"
"2019-09-27 15:15:00",25.5455,25.57,25.5,25.5105,23685,"TEX"
"2019-09-27 15:30:00",25.51,25.52,25.49,25.5,29109,"TEX"
"2019-09-27 15:45:00",25.49,25.535,25.48,25.48,50112,"TEX"
"2019-09-27 16:00:00",25.49,25.495,25.46,25.47,133330,"TEX"
"2019-09-30 09:45:00",25.5605,25.85,25.49,25.8405,33100,"TEX"
"2019-09-30 10:00:00",25.83,25.83,25.57,25.62,9190,"TEX"
"2019-09-30 10:15:00",25.5907,25.6148,25.4647,25.5207,7934,"TEX"
"2019-09-30 10:30:00",25.535,25.59,25.5,25.5,8773,"TEX"
"2019-09-30 10:45:00",25.5,25.595,25.5,25.52,11554,"TEX"
"2019-09-30 11:00:00",25.53,25.65,25.53,25.6,17036,"TEX"
"2019-09-30 11:15:00",25.6105,25.67,25.58,25.6105,57428,"TEX"
"2019-09-30 11:30:00",25.61,25.745,25.59,25.705,41735,"TEX"
"2019-09-30 11:45:00",25.7204,25.9124,25.7122,25.8604,45687,"TEX"
"2019-09-30 12:00:00",25.84,25.86,25.7235,25.81,37086,"TEX"
"2019-09-30 12:15:00",25.805,25.9,25.8,25.85,51229,"TEX"
"2019-09-30 12:30:00",25.84,26.03,25.83,26.015,112714,"TEX"
"2019-09-30 12:45:00",26.0308,26.0653,26.0103,26.0208,33090,"TEX"
"2019-09-30 13:00:00",26.01,26.02,25.96,26,34881,"TEX"
"2019-09-30 13:15:00",25.99,26.05,25.98,26.04,19347,"TEX"
"2019-09-30 13:30:00",26.0507,26.06,26.01,26.0407,46710,"TEX"
"2019-09-30 13:45:00",26.0511,26.0951,26.005,26.0561,18331,"TEX"
"2019-09-30 14:00:00",26.06,26.11,26.05,26.05,66017,"TEX"
"2019-09-30 14:15:00",26.0404,26.14,25.99,26.1204,98831,"TEX"
"2019-09-30 14:30:00",26.1305,26.1506,26.0905,26.1105,31698,"TEX"
"2019-09-30 14:45:00",26.121,26.15,26.06,26.116,39738,"TEX"
"2019-09-30 15:00:00",26.13,26.14,26.065,26.1,35277,"TEX"
"2019-09-30 15:15:00",26.0908,26.13,26.075,26.1208,41261,"TEX"
"2019-09-30 15:30:00",26.121,26.13,26.09,26.111,92189,"TEX"
"2019-09-30 15:45:00",26.13,26.13,26.09,26.1,33874,"TEX"
"2019-09-30 16:00:00",26.11,26.115,25.96,25.96,123814,"TEX"
"2019-10-01 09:45:00",26.2405,26.46,26.14,26.3405,42282,"TEX"
"2019-10-01 10:00:00",26.38,26.52,26.26,26.44,94898,"TEX"
"2019-10-01 10:15:00",26.3797,26.4656,25.9651,26.0007,17388,"TEX"
"2019-10-01 10:30:00",26.001,26.0249,25.8347,25.881,16707,"TEX"
"2019-10-01 10:45:00",25.84,25.86,25.58,25.58,12588,"TEX"
"2019-10-01 11:00:00",25.62,25.635,25.49,25.49,8903,"TEX"
"2019-10-01 11:15:00",25.4605,25.51,25.46,25.4705,19612,"TEX"
"2019-10-01 11:30:00",25.43,25.55,25.43,25.52,11896,"TEX"
"2019-10-01 11:45:00",25.55,25.58,25.4,25.4,12524,"TEX"
"2019-10-01 12:00:00",25.45,25.46,25.3,25.32,9819,"TEX"
"2019-10-01 12:15:00",25.3209,25.3437,25.0434,25.0609,29138,"TEX"
"2019-10-01 12:30:00",25.065,25.15,25.065,25.08,5887,"TEX"
"2019-10-01 12:45:00",25.07,25.19,25.07,25.19,8040,"TEX"
"2019-10-01 13:00:00",25.2,25.2,25.03,25.03,14384,"TEX"
"2019-10-01 13:15:00",25.02,25.02,24.85,24.85,9597,"TEX"
"2019-10-01 13:30:00",24.865,24.865,24.61,24.61,25604,"TEX"
"2019-10-01 13:45:00",24.611,24.62,24.5475,24.611,15343,"TEX"
"2019-10-01 14:00:00",24.58,24.6,24.54,24.6,18217,"TEX"
"2019-10-01 14:15:00",24.5904,24.64,24.55,24.6154,18569,"TEX"
"2019-10-01 14:30:00",24.615,24.63,24.565,24.57,15045,"TEX"
"2019-10-01 14:45:00",24.57,24.68,24.57,24.5773,11358,"TEX"
"2019-10-01 15:00:00",24.57,24.62,24.56,24.57,12054,"TEX"
"2019-10-01 15:15:00",24.5608,24.62,24.53,24.5708,19154,"TEX"
"2019-10-01 15:30:00",24.55,24.64,24.54,24.63,22138,"TEX"
"2019-10-01 15:45:00",24.6258,24.6492,24.5491,24.6208,45335,"TEX"
"2019-10-01 16:00:00",24.62,24.69,24.59,24.66,99574,"TEX"
"2019-10-02 09:45:00",24.3109,24.3328,23.6622,23.7509,70314,"TEX"
"2019-10-02 10:00:00",23.67,23.95,23.67,23.85,16217,"TEX"
"2019-10-02 10:15:00",23.8705,24.189,23.7987,24.1705,31049,"TEX"
"2019-10-02 10:30:00",24.19,24.285,23.97,23.97,29787,"TEX"
"2019-10-02 10:45:00",23.9604,23.9908,23.7806,23.9254,11575,"TEX"
"2019-10-02 11:00:00",23.9,24.1,23.895,24.07,14434,"TEX"
"2019-10-02 11:15:00",24.0309,24.17,23.985,23.9909,19842,"TEX"
"2019-10-02 11:30:00",23.97,24.01,23.9284,24.01,22911,"TEX"
"2019-10-02 11:45:00",24.0108,24.0334,23.9132,23.9608,10440,"TEX"
"2019-10-02 12:00:00",23.96,23.97,23.87,23.89,9955,"TEX"
"2019-10-02 12:15:00",23.8859,23.915,23.83,23.8709,34197,"TEX"
"2019-10-02 12:30:00",23.88,23.975,23.88,23.97,13664,"TEX"
"2019-10-02 12:45:00",23.97,23.97,23.83,23.83,10029,"TEX"
"2019-10-02 13:00:00",23.86,23.88,23.84,23.87,11227,"TEX"
"2019-10-02 13:15:00",23.86,24.05,23.86,24.05,11388,"TEX"
"2019-10-02 13:30:00",24.0505,24.109,24.0389,24.0805,8942,"TEX"
"2019-10-02 13:45:00",24.066,24.0881,23.9229,24.011,31025,"TEX"
"2019-10-02 14:00:00",24.03,24.03,23.95,24.01,8037,"TEX"
"2019-10-02 14:15:00",24,24,23.94,23.94,18286,"TEX"
"2019-10-02 14:30:00",23.94,24.03,23.92,23.96,26434,"TEX"
"2019-10-02 14:45:00",23.96,23.9874,23.95,23.96,16113,"TEX"
"2019-10-02 15:00:00",23.96,24.02,23.94,23.94,132289,"TEX"
"2019-10-02 15:15:00",23.951,23.983,23.8229,23.901,182943,"TEX"
"2019-10-02 15:30:00",23.9109,23.93,23.86,23.8609,75382,"TEX"
"2019-10-02 15:45:00",23.86,24.02,23.84,24.02,78725,"TEX"
"2019-10-02 16:00:00",24.03,24.03,23.91,23.99,132271,"TEX"
"2019-10-03 09:45:00",23.55,23.71,23.02,23.02,68963,"TEX"
"2019-10-03 10:00:00",23.08,23.36,23.08,23.2,42353,"TEX"
"2019-10-03 10:15:00",23.1009,23.1216,22.8614,23.0009,79318,"TEX"
"2019-10-03 10:30:00",22.98,23.22,22.96,23.22,153354,"TEX"
"2019-10-03 10:45:00",23.2107,23.41,23.18,23.2708,25978,"TEX"
"2019-10-03 11:00:00",23.31,23.42,23.2,23.41,12539,"TEX"
"2019-10-03 11:15:00",23.41,23.63,23.4,23.55,36170,"TEX"
"2019-10-03 11:30:00",23.58,23.61,23.45,23.45,59189,"TEX"
"2019-10-03 11:45:00",23.451,23.5,23.39,23.451,13715,"TEX"
"2019-10-03 12:00:00",23.49,23.51,23.325,23.51,8935,"TEX"
"2019-10-03 12:15:00",23.52,23.6,23.52,23.57,10253,"TEX"
"2019-10-03 12:30:00",23.5805,23.65,23.5,23.6405,15331,"TEX"
"2019-10-03 12:45:00",23.6407,23.675,23.62,23.6409,16852,"TEX"
"2019-10-03 13:00:00",23.64,23.64,23.52,23.58,32672,"TEX"
"2019-10-03 13:15:00",23.5731,23.6,23.56,23.57,15183,"TEX"
"2019-10-03 13:30:00",23.5809,23.61,23.57,23.5909,19741,"TEX"
"2019-10-03 13:45:00",23.59,23.72,23.57,23.67,42107,"TEX"
"2019-10-03 14:00:00",23.66,23.7,23.63,23.63,33214,"TEX"
"2019-10-03 14:15:00",23.621,23.6427,23.5526,23.556,16460,"TEX"
"2019-10-03 14:30:00",23.54,23.7184,23.54,23.67,25216,"TEX"
"2019-10-03 14:45:00",23.67,23.78,23.67,23.74,30566,"TEX"
"2019-10-03 15:00:00",23.75,23.76,23.7,23.76,11825,"TEX"
"2019-10-03 15:15:00",23.761,23.78,23.73,23.771,11782,"TEX"
"2019-10-03 15:30:00",23.7504,23.84,23.72,23.8204,98763,"TEX"
"2019-10-03 15:45:00",23.8406,23.9,23.79,23.8806,106063,"TEX"
"2019-10-03 16:00:00",23.88,24.01,23.86,24.01,128946,"TEX"
"2019-10-04 09:45:00",24.12,24.38,23.97,23.97,31081,"TEX"
"2019-10-04 10:00:00",23.91,24.13,23.91,24.05,24395,"TEX"
"2019-10-04 10:15:00",24.0509,24.06,23.84,23.8709,7639,"TEX"
"2019-10-04 10:30:00",23.93,23.99,23.86,23.86,10113,"TEX"
"2019-10-04 10:45:00",23.861,23.983,23.8529,23.941,8115,"TEX"
"2019-10-04 11:00:00",23.96,24.06,23.93,24,8600,"TEX"
"2019-10-04 11:15:00",23.98,24.06,23.96,24.04,6553,"TEX"
"2019-10-04 11:30:00",24.04,24.06,23.97,23.97,13442,"TEX"
"2019-10-04 11:45:00",23.98,24.0947,23.97,24.0947,10545,"TEX"
"2019-10-04 12:00:00",24.07,24.09,24.03,24.09,7319,"TEX"
"2019-10-04 12:15:00",24.1,24.18,24.08,24.13,7271,"TEX"
"2019-10-04 12:30:00",24.1009,24.11,24.04,24.1009,78358,"TEX"
"2019-10-04 12:45:00",24.095,24.1,23.99,23.99,32837,"TEX"
"2019-10-04 13:00:00",23.99,24,23.87,23.92,84366,"TEX"
"2019-10-04 13:15:00",23.92,24.03,23.9,24.02,77466,"TEX"
"2019-10-04 13:30:00",24.0259,24.055,23.96,24.0509,47719,"TEX"
"2019-10-04 13:45:00",24.06,24.06,23.96,23.99,29823,"TEX"
"2019-10-04 14:00:00",23.99,24,23.92,23.97,27759,"TEX"
"2019-10-04 14:15:00",23.98,24.14,23.97,24.13,17134,"TEX"
"2019-10-04 14:30:00",24.13,24.16,24.12,24.16,4219,"TEX"
"2019-10-04 14:45:00",24.16,24.21,24.16,24.2,10625,"TEX"
"2019-10-04 15:00:00",24.2,24.24,24.18,24.21,17566,"TEX"
"2019-10-04 15:15:00",24.2408,24.2738,24.2338,24.2408,10103,"TEX"
"2019-10-04 15:30:00",24.24,24.32,24.24,24.305,15259,"TEX"
"2019-10-04 15:45:00",24.31,24.42,24.305,24.4,38822,"TEX"
"2019-10-04 16:00:00",24.41,24.53,24.405,24.46,164680,"TEX"
"2019-10-07 09:45:00",24.321,24.46,24.0014,24.111,31626,"TEX"
"2019-10-07 10:00:00",24.01,24.36,23.99,24.17,11713,"TEX"
"2019-10-07 10:15:00",24.221,24.315,24.14,24.291,80427,"TEX"
"2019-10-07 10:30:00",24.3109,24.4427,24.2825,24.4209,27597,"TEX"
"2019-10-07 10:45:00",24.41,24.43,24.34,24.36,25350,"TEX"
"2019-10-07 11:00:00",24.34,24.42,24.28,24.4,25762,"TEX"
"2019-10-07 11:15:00",24.42,24.47,24.35,24.35,25397,"TEX"
"2019-10-07 11:30:00",24.35,24.46,24.35,24.43,36583,"TEX"
"2019-10-07 11:45:00",24.42,24.43,24.36,24.38,12610,"TEX"
"2019-10-07 12:00:00",24.36,24.36,24.3,24.33,8099,"TEX"
"2019-10-07 12:15:00",24.3508,24.4,24.3,24.3308,22561,"TEX"
"2019-10-07 12:30:00",24.3608,24.38,24.29,24.3508,14673,"TEX"
"2019-10-07 12:45:00",24.3605,24.3892,24.3291,24.3305,9076,"TEX"
"2019-10-07 13:00:00",24.35,24.37,24.33,24.36,11813,"TEX"
"2019-10-07 13:15:00",24.38,24.39,24.23,24.23,16289,"TEX"
"2019-10-07 13:30:00",24.231,24.29,24.21,24.271,9220,"TEX"
"2019-10-07 13:45:00",24.2709,24.4,24.25,24.3509,27089,"TEX"
"2019-10-07 14:00:00",24.36,24.43,24.35,24.43,34988,"TEX"
"2019-10-07 14:15:00",24.4406,24.4637,24.2835,24.3006,14670,"TEX"
"2019-10-07 14:30:00",24.291,24.32,24.26,24.301,10523,"TEX"
"2019-10-07 14:45:00",24.28,24.29,24.14,24.15,15099,"TEX"
"2019-10-07 15:00:00",24.13,24.225,24.09,24.18,8412,"TEX"
"2019-10-07 15:15:00",24.1905,24.2291,24.179,24.1955,9538,"TEX"
"2019-10-07 15:30:00",24.2108,24.23,24.14,24.1808,12878,"TEX"
"2019-10-07 15:45:00",24.1904,24.205,24.15,24.1804,20500,"TEX"
"2019-10-07 16:00:00",24.18,24.2,23.98,23.99,139836,"TEX"
