"times","slowd","slowk","symbol"
"2019-10-10 16:00:00",83.1295,83.1469,"TEX"
"2019-10-10 15:45:00",78.3152,83.6098,"TEX"
"2019-10-10 15:30:00",72.584,82.6316,"TEX"
"2019-10-10 15:15:00",63.0261,68.7041,"TEX"
"2019-10-10 15:00:00",58.01,66.4162,"TEX"
"2019-10-10 14:45:00",46.3771,53.9579,"TEX"
"2019-10-10 14:30:00",33.6086,53.6558,"TEX"
"2019-10-10 14:15:00",17.2593,31.5175,"TEX"
"2019-10-10 14:00:00",11.2509,15.6524,"TEX"
"2019-10-10 13:45:00",11.9567,4.608,"TEX"
"2019-10-10 13:30:00",17.8048,13.4921,"TEX"
"2019-10-10 13:15:00",21.844,17.7699,"TEX"
"2019-10-10 13:00:00",29.4915,22.1522,"TEX"
"2019-10-10 12:45:00",42.4628,25.6099,"TEX"
"2019-10-10 12:30:00",56.5269,40.7124,"TEX"
"2019-10-10 12:15:00",59.4275,61.0662,"TEX"
"2019-10-10 12:00:00",47.9731,67.8021,"TEX"
"2019-10-10 11:45:00",33.6398,49.4142,"TEX"
"2019-10-10 11:30:00",31.4696,26.7029,"TEX"
"2019-10-10 11:15:00",44.6396,24.8022,"TEX"
"2019-10-10 11:00:00",63.0863,42.9038,"TEX"
"2019-10-10 10:45:00",78.7526,66.213,"TEX"
"2019-10-10 10:30:00",77.4108,80.1423,"TEX"
"2019-10-10 10:15:00",61.902,89.9025,"TEX"
"2019-10-10 10:00:00",42.0688,62.1875,"TEX"
"2019-10-10 09:45:00",40.4768,33.6159,"TEX"
"2019-10-09 16:00:00",56.6307,30.403,"TEX"
"2019-10-09 15:45:00",72.8374,57.4115,"TEX"
"2019-10-09 15:30:00",79.4621,82.0777,"TEX"
"2019-10-09 15:15:00",75.4459,79.0231,"TEX"
"2019-10-09 15:00:00",76.0302,77.2854,"TEX"
"2019-10-09 14:45:00",78.3541,70.0293,"TEX"
"2019-10-09 14:30:00",85.5827,80.776,"TEX"
"2019-10-09 14:15:00",82.3076,84.2571,"TEX"
"2019-10-09 14:00:00",74.1538,91.7149,"TEX"
"2019-10-09 13:45:00",53.879,70.9507,"TEX"
"2019-10-09 13:30:00",37.8511,59.7957,"TEX"
"2019-10-09 13:15:00",24.3333,30.8906,"TEX"
"2019-10-09 13:00:00",22.5239,22.867,"TEX"
"2019-10-09 12:45:00",25.9665,19.2425,"TEX"
"2019-10-09 12:30:00",32.8564,25.4623,"TEX"
"2019-10-09 12:15:00",35.7412,33.1947,"TEX"
"2019-10-09 12:00:00",37.7031,39.912,"TEX"
"2019-10-09 11:45:00",35.7103,34.1169,"TEX"
"2019-10-09 11:30:00",41.4675,39.0805,"TEX"
"2019-10-09 11:15:00",43.9756,33.9335,"TEX"
"2019-10-09 11:00:00",46.3777,51.3887,"TEX"
"2019-10-09 10:45:00",36.7597,46.6047,"TEX"
"2019-10-09 10:30:00",24.584,41.1396,"TEX"
"2019-10-09 10:15:00",12.4208,22.5349,"TEX"
"2019-10-09 10:00:00",8.8161,10.0776,"TEX"
"2019-10-09 09:45:00",11.384,4.65,"TEX"
"2019-10-08 16:00:00",18.2515,11.7207,"TEX"
"2019-10-08 15:45:00",27.5811,17.7814,"TEX"
"2019-10-08 15:30:00",35.3068,25.2526,"TEX"
"2019-10-08 15:15:00",38.8454,39.7095,"TEX"
"2019-10-08 15:00:00",33.352,40.9584,"TEX"
"2019-10-08 14:45:00",29.3065,35.8682,"TEX"
"2019-10-08 14:30:00",31.8036,23.2294,"TEX"
"2019-10-08 14:15:00",42.1258,28.8218,"TEX"
"2019-10-08 14:00:00",54.061,43.3595,"TEX"
"2019-10-08 13:45:00",63.1119,54.1961,"TEX"
"2019-10-08 13:30:00",69.2935,64.6275,"TEX"
"2019-10-08 13:15:00",70.7335,70.5122,"TEX"
"2019-10-08 13:00:00",69.4901,72.7407,"TEX"
"2019-10-08 12:45:00",60.5689,68.9477,"TEX"
"2019-10-08 12:30:00",48.7795,66.7818,"TEX"
"2019-10-08 12:15:00",38.3896,45.9772,"TEX"
"2019-10-08 12:00:00",42.0727,33.5796,"TEX"
"2019-10-08 11:45:00",54.6121,35.6119,"TEX"
"2019-10-08 11:30:00",59.5896,57.0265,"TEX"
"2019-10-08 11:15:00",53.8044,71.1978,"TEX"
"2019-10-08 11:00:00",38.5549,50.5447,"TEX"
"2019-10-08 10:45:00",27.9675,39.6709,"TEX"
"2019-10-08 10:30:00",17.1079,25.4491,"TEX"
"2019-10-08 10:15:00",13.6471,18.7825,"TEX"
"2019-10-08 10:00:00",16.7949,7.0922,"TEX"
"2019-10-08 09:45:00",26.9763,15.0666,"TEX"
"2019-10-07 16:00:00",32.1534,28.226,"TEX"
"2019-10-07 15:45:00",28.9007,37.6364,"TEX"
"2019-10-07 15:30:00",23.3599,30.5977,"TEX"
"2019-10-07 15:15:00",21.4573,18.468,"TEX"
"2019-10-07 15:00:00",34.3658,21.014,"TEX"
"2019-10-07 14:45:00",50.68,24.89,"TEX"
"2019-10-07 14:30:00",65.4997,57.1935,"TEX"
"2019-10-07 14:15:00",58.4404,69.9565,"TEX"
"2019-10-07 14:00:00",45.9577,69.349,"TEX"
"2019-10-07 13:45:00",33.1263,36.0156,"TEX"
"2019-10-07 13:30:00",35.38,32.5085,"TEX"
"2019-10-07 13:15:00",33.745,30.855,"TEX"
"2019-10-07 13:00:00",32.371,42.7765,"TEX"
"2019-10-07 12:45:00",28.8971,27.6036,"TEX"
"2019-10-07 12:30:00",37.2397,26.7327,"TEX"
"2019-10-07 12:15:00",50.0194,32.3549,"TEX"
"2019-10-07 12:00:00",65.631,52.6315,"TEX"
"2019-10-07 11:45:00",74.083,65.0717,"TEX"
"2019-10-07 11:30:00",80.2124,79.1899,"TEX"
"2019-10-07 11:15:00",77.3382,77.9873,"TEX"
"2019-10-07 11:00:00",70.2923,83.4601,"TEX"
"2019-10-07 10:45:00",55.1271,70.5672,"TEX"
"2019-10-07 10:30:00",46.8921,56.8495,"TEX"
"2019-10-07 10:15:00",49.6876,37.9647,"TEX"
"2019-10-07 10:00:00",66.4558,45.8623,"TEX"
"2019-10-07 09:45:00",81.6068,65.236,"TEX"
"2019-10-04 16:00:00",90.1129,88.2693,"TEX"
"2019-10-04 15:45:00",91.3915,91.3151,"TEX"
"2019-10-04 15:30:00",92.8617,90.7543,"TEX"
"2019-10-04 15:15:00",95.0975,92.105,"TEX"
"2019-10-04 15:00:00",92.003,95.7257,"TEX"
"2019-10-04 14:45:00",82.3877,97.4618,"TEX"
"2019-10-04 14:30:00",69.9204,82.8216,"TEX"
"2019-10-04 14:15:00",61.8617,66.8795,"TEX"
"2019-10-04 14:00:00",55.112,60.0601,"TEX"
"2019-10-04 13:45:00",43.3186,58.6454,"TEX"
"2019-10-04 13:30:00",33.5464,46.6304,"TEX"
"2019-10-04 13:15:00",34.5729,24.68,"TEX"
"2019-10-04 13:00:00",52.652,29.3287,"TEX"
"2019-10-04 12:45:00",73.3667,49.7099,"TEX"
"2019-10-04 12:30:00",84.9844,78.9174,"TEX"
"2019-10-04 12:15:00",86.1732,91.4729,"TEX"
"2019-10-04 12:00:00",78.1961,84.5629,"TEX"
"2019-10-04 11:45:00",68.318,82.484,"TEX"
"2019-10-04 11:30:00",49.4433,67.5414,"TEX"
"2019-10-04 11:15:00",30.9428,54.9286,"TEX"
"2019-10-04 11:00:00",20.1239,25.86,"TEX"
"2019-10-04 10:45:00",22.7918,12.0398,"TEX"
"2019-10-04 10:30:00",39.6539,22.4719,"TEX"
"2019-10-04 10:15:00",57.657,33.8636,"TEX"
"2019-10-04 10:00:00",78.0394,62.6263,"TEX"
"2019-10-04 09:45:00",88.4175,76.4813,"TEX"
"2019-10-03 16:00:00",94.1886,95.0106,"TEX"
"2019-10-03 15:45:00",92.6572,93.7606,"TEX"
"2019-10-03 15:30:00",88.8728,93.7944,"TEX"
"2019-10-03 15:15:00",75.1176,90.4166,"TEX"
"2019-10-03 15:00:00",59.3402,82.4073,"TEX"
"2019-10-03 14:45:00",46.5412,52.5288,"TEX"
"2019-10-03 14:30:00",49.2475,43.0844,"TEX"
"2019-10-03 14:15:00",53.4352,44.0104,"TEX"
"2019-10-03 14:00:00",57.0762,60.6476,"TEX"
"2019-10-03 13:45:00",59.4285,55.6476,"TEX"
"2019-10-03 13:30:00",69.7895,54.9333,"TEX"
"2019-10-03 13:15:00",81.2186,67.7047,"TEX"
"2019-10-03 13:00:00",86.3724,86.7304,"TEX"
"2019-10-03 12:45:00",81.0893,89.2207,"TEX"
"2019-10-03 12:30:00",74.1768,83.166,"TEX"
"2019-10-03 12:15:00",71.2269,70.8812,"TEX"
"2019-10-03 12:00:00",76.5927,68.4833,"TEX"
"2019-10-03 11:45:00",79.9922,74.3161,"TEX"
"2019-10-03 11:30:00",74.9024,86.9786,"TEX"
"2019-10-03 11:15:00",56.0059,78.6818,"TEX"
"2019-10-03 11:00:00",36.4948,59.0468,"TEX"
"2019-10-03 10:45:00",20.1192,30.2893,"TEX"
"2019-10-03 10:30:00",20.968,20.1485,"TEX"
"2019-10-03 10:15:00",34.328,9.9197,"TEX"
"2019-10-03 10:00:00",53.1364,32.8358,"TEX"
"2019-10-03 09:45:00",59.5311,60.2286,"TEX"
"2019-10-02 16:00:00",47.704,66.3448,"TEX"
"2019-10-02 15:45:00",34.4433,52.02,"TEX"
"2019-10-02 15:30:00",24.1189,24.7472,"TEX"
"2019-10-02 15:15:00",24.435,26.5626,"TEX"
"2019-10-02 15:00:00",28.524,21.0467,"TEX"
"2019-10-02 14:45:00",39.3085,25.6956,"TEX"
"2019-10-02 14:30:00",54.9495,38.8297,"TEX"
"2019-10-02 14:15:00",70.3018,53.4,"TEX"
"2019-10-02 14:00:00",76.6541,72.6188,"TEX"
"2019-10-02 13:45:00",66.6241,84.8865,"TEX"
"2019-10-02 13:30:00",49.0414,72.457,"TEX"
"2019-10-02 13:15:00",33.8734,42.5287,"TEX"
"2019-10-02 13:00:00",29.4223,32.1386,"TEX"
"2019-10-02 12:45:00",25.9286,26.953,"TEX"
"2019-10-02 12:30:00",27.8801,29.1752,"TEX"
"2019-10-02 12:15:00",32.9827,21.6575,"TEX"
"2019-10-02 12:00:00",42.6762,32.8076,"TEX"
"2019-10-02 11:45:00",47.9606,44.4831,"TEX"
"2019-10-02 11:30:00",48.048,50.7379,"TEX"
"2019-10-02 11:15:00",44.3189,48.6607,"TEX"
"2019-10-02 11:00:00",38.9513,44.7455,"TEX"
"2019-10-02 10:45:00",32.5203,39.5503,"TEX"
"2019-10-02 10:30:00",31.3538,32.5582,"TEX"
"2019-10-02 10:15:00",37.2136,25.4524,"TEX"
"2019-10-02 10:00:00",51.8905,36.0507,"TEX"
"2019-10-02 09:45:00",57.0291,50.1378,"TEX"
"2019-10-01 16:00:00",53.127,69.4831,"TEX"
"2019-10-01 15:45:00",38.3294,51.4664,"TEX"
"2019-10-01 15:30:00",27.5407,38.4315,"TEX"
"2019-10-01 15:15:00",20.4615,25.0902,"TEX"
"2019-10-01 15:00:00",15.8792,19.1005,"TEX"
"2019-10-01 14:45:00",13.3491,17.1937,"TEX"
"2019-10-01 14:30:00",9.7093,11.3433,"TEX"
"2019-10-01 14:15:00",7.0095,11.5103,"TEX"
"2019-10-01 14:00:00",3.1727,6.2742,"TEX"
"2019-10-01 13:45:00",4.1169,3.2439,"TEX"
"2019-10-01 13:30:00",6.829,0,"TEX"
"2019-10-01 13:15:00",10.9848,9.1068,"TEX"
"2019-10-01 13:00:00",10.3962,11.3803,"TEX"
"2019-10-01 12:45:00",8.2918,12.4674,"TEX"
"2019-10-01 12:30:00",7.1436,7.3408,"TEX"
"2019-10-01 12:15:00",6.4937,5.0672,"TEX"
"2019-10-01 12:00:00",6.6016,9.023,"TEX"
"2019-10-01 11:45:00",3.71,5.3909,"TEX"
"2019-10-01 11:30:00",2.1877,5.3909,"TEX"
"2019-10-01 11:15:00",1.473,0.3481,"TEX"
"2019-10-01 11:00:00",11.9631,0.8242,"TEX"
"2019-10-01 10:45:00",30.4752,3.2468,"TEX"
"2019-10-01 10:30:00",47.3723,31.8182,"TEX"
"2019-10-01 10:15:00",50.1601,56.3607,"TEX"
"2019-10-01 10:00:00",42.5662,53.9381,"TEX"
"2019-10-01 09:45:00",44.8291,40.1816,"TEX"
"2019-09-30 16:00:00",54.3496,33.5788,"TEX"
"2019-09-30 15:45:00",68.5337,60.7269,"TEX"
"2019-09-30 15:30:00",72.9559,68.743,"TEX"
"2019-09-30 15:15:00",76.8456,76.1312,"TEX"
"2019-09-30 15:00:00",76.222,73.9934,"TEX"
"2019-09-30 14:45:00",75.8779,80.4123,"TEX"
"2019-09-30 14:30:00",73.5935,74.2604,"TEX"
"2019-09-30 14:15:00",76.7447,72.9608,"TEX"
"2019-09-30 14:00:00",81.4138,73.5593,"TEX"
"2019-09-30 13:45:00",85.6448,83.7139,"TEX"
"2019-09-30 13:30:00",87.1716,86.9682,"TEX"
"2019-09-30 13:15:00",87.6506,86.2522,"TEX"
"2019-09-30 13:00:00",86.7932,88.2944,"TEX"
"2019-09-30 12:45:00",84.2328,88.4052,"TEX"
"2019-09-30 12:30:00",81.9074,83.68,"TEX"
"2019-09-30 12:15:00",80.9121,80.6134,"TEX"
"2019-09-30 12:00:00",75.3442,81.4287,"TEX"
"2019-09-30 11:45:00",61.8023,80.6941,"TEX"
"2019-09-30 11:30:00",41.7539,63.9098,"TEX"
"2019-09-30 11:15:00",24.9143,40.8029,"TEX"
"2019-09-30 11:00:00",18.7407,20.549,"TEX"
"2019-09-30 10:45:00",29.0192,13.391,"TEX"
"2019-09-30 10:30:00",40.8091,22.2821,"TEX"
"2019-09-30 10:15:00",45.0769,51.3846,"TEX"
"2019-09-30 10:00:00",29.3085,48.7607,"TEX"
"2019-09-30 09:45:00",14.0004,35.0855,"TEX"
"2019-09-27 16:00:00",3.2507,4.0793,"TEX"
"2019-09-27 15:45:00",2.3314,2.8364,"TEX"
"2019-09-27 15:30:00",1.4577,2.8364,"TEX"
"2019-09-27 15:15:00",4.3395,1.3213,"TEX"
"2019-09-27 15:00:00",15.1339,0.2153,"TEX"
"2019-09-27 14:45:00",29.6772,11.482,"TEX"
"2019-09-27 14:30:00",39.8145,33.7042,"TEX"
"2019-09-27 14:15:00",39.2346,43.8453,"TEX"
"2019-09-27 14:00:00",33.169,41.8941,"TEX"
"2019-09-27 13:45:00",27.2341,31.9644,"TEX"
"2019-09-27 13:30:00",25.2628,25.6484,"TEX"
"2019-09-27 13:15:00",29.9079,24.0894,"TEX"
"2019-09-27 13:00:00",40.1375,26.0505,"TEX"
"2019-09-27 12:45:00",48.4486,39.5839,"TEX"
"2019-09-27 12:30:00",54.4983,54.7783,"TEX"
"2019-09-27 12:15:00",56.3999,50.9836,"TEX"
"2019-09-27 12:00:00",62.6745,57.7331,"TEX"
"2019-09-27 11:45:00",64.1519,60.483,"TEX"
"2019-09-27 11:30:00",62.1867,69.8072,"TEX"
"2019-09-27 11:15:00",53.7791,62.1654,"TEX"
"2019-09-27 11:00:00",47.752,54.5875,"TEX"
"2019-09-27 10:45:00",47.6165,44.5843,"TEX"
"2019-09-27 10:30:00",48.3234,44.0841,"TEX"
"2019-09-27 10:15:00",45.0496,54.1812,"TEX"
"2019-09-27 10:00:00",30.0554,46.7049,"TEX"
"2019-09-27 09:45:00",17.8091,34.2626,"TEX"
"2019-09-26 16:00:00",8.9848,9.1986,"TEX"
"2019-09-26 15:45:00",8.0719,9.9662,"TEX"
"2019-09-26 15:30:00",7.7314,7.7894,"TEX"
"2019-09-26 15:15:00",13.5217,6.4602,"TEX"
"2019-09-26 15:00:00",22.1091,8.9446,"TEX"
"2019-09-26 14:45:00",30.6635,25.1603,"TEX"
"2019-09-26 14:30:00",29.1939,32.2223,"TEX"
"2019-09-26 14:15:00",24.4276,34.6078,"TEX"
"2019-09-26 14:00:00",23.8215,20.7516,"TEX"
"2019-09-26 13:45:00",35.2987,17.9235,"TEX"
"2019-09-26 13:30:00",53.5113,32.7893,"TEX"
"2019-09-26 13:15:00",66.9479,55.1833,"TEX"
"2019-09-26 13:00:00",70.6295,72.5613,"TEX"
"2019-09-26 12:45:00",61.2738,73.0992,"TEX"
"2019-09-26 12:30:00",47.8361,66.228,"TEX"
"2019-09-26 12:15:00",32.9297,44.4943,"TEX"
"2019-09-26 12:00:00",25.7684,32.7861,"TEX"
"2019-09-26 11:45:00",23.6478,21.5087,"TEX"
"2019-09-26 11:30:00",25.2562,23.0105,"TEX"
"2019-09-26 11:15:00",30.0301,26.4242,"TEX"
"2019-09-26 11:00:00",37.6237,26.334,"TEX"
"2019-09-26 10:45:00",43.4097,37.3322,"TEX"
"2019-09-26 10:30:00",45.9229,49.205,"TEX"
"2019-09-26 10:15:00",45.2741,43.6921,"TEX"
"2019-09-26 10:00:00",54.5877,44.8716,"TEX"
"2019-09-26 09:45:00",63.9356,47.2585,"TEX"
"2019-09-25 16:00:00",67.1622,71.6331,"TEX"
"2019-09-25 15:45:00",54.0251,72.9151,"TEX"
"2019-09-25 15:30:00",41.8017,56.9384,"TEX"
"2019-09-25 15:15:00",34.4184,32.2218,"TEX"
"2019-09-25 15:00:00",42.5581,36.2448,"TEX"
"2019-09-25 14:45:00",52.7963,34.7887,"TEX"
"2019-09-25 14:30:00",68.8483,56.6409,"TEX"
"2019-09-25 14:15:00",79.4457,66.9592,"TEX"
"2019-09-25 14:00:00",85.284,82.9447,"TEX"
"2019-09-25 13:45:00",86.3604,88.4332,"TEX"
"2019-09-25 13:30:00",84.3668,84.4741,"TEX"
"2019-09-25 13:15:00",79.4709,86.174,"TEX"
"2019-09-25 13:00:00",71.2787,82.4522,"TEX"
"2019-09-25 12:45:00",64.5939,69.7867,"TEX"
"2019-09-25 12:30:00",65.185,61.5973,"TEX"
"2019-09-25 12:15:00",70.2097,62.3978,"TEX"
"2019-09-25 12:00:00",71.0765,71.5598,"TEX"
"2019-09-25 11:45:00",61.9476,76.6715,"TEX"
"2019-09-25 11:30:00",43.7762,64.9981,"TEX"
"2019-09-25 11:15:00",24.9344,44.1731,"TEX"
"2019-09-25 11:00:00",13.8151,22.1575,"TEX"
"2019-09-25 10:45:00",12.7864,8.4724,"TEX"
"2019-09-25 10:30:00",20.4782,10.8154,"TEX"
"2019-09-25 10:15:00",27.4284,19.0714,"TEX"
"2019-09-25 10:00:00",27.8122,31.5479,"TEX"
"2019-09-25 09:45:00",29.5956,31.6659,"TEX"
"2019-09-24 16:00:00",35.7135,20.2228,"TEX"
"2019-09-24 15:45:00",51.715,36.8981,"TEX"
"2019-09-24 15:30:00",60.7842,50.0196,"TEX"
"2019-09-24 15:15:00",68.1795,68.2273,"TEX"
"2019-09-24 15:00:00",63.5939,64.1057,"TEX"
"2019-09-24 14:45:00",57.3405,72.2056,"TEX"
"2019-09-24 14:30:00",39.5861,54.4703,"TEX"
"2019-09-24 14:15:00",27.5269,45.3454,"TEX"
"2019-09-24 14:00:00",13.2373,18.9427,"TEX"
"2019-09-24 13:45:00",8.4284,18.2927,"TEX"
"2019-09-24 13:30:00",4.8072,2.4765,"TEX"
"2019-09-24 13:15:00",9.2838,4.5162,"TEX"
"2019-09-24 13:00:00",14.2165,7.4289,"TEX"
"2019-09-24 12:45:00",16.9838,15.9062,"TEX"
"2019-09-24 12:30:00",13.6422,19.3142,"TEX"
"2019-09-24 12:15:00",7.7492,15.7308,"TEX"
"2019-09-24 12:00:00",3.1009,5.8815,"TEX"
"2019-09-24 11:45:00",2.5848,1.6351,"TEX"
"2019-09-24 11:30:00",3.2499,1.786,"TEX"
"2019-09-24 11:15:00",4.1491,4.3333,"TEX"
"2019-09-24 11:00:00",5.3342,3.6305,"TEX"
"2019-09-24 10:45:00",8.4578,4.4835,"TEX"
"2019-09-24 10:30:00",11.7438,7.8887,"TEX"
"2019-09-24 10:15:00",11.9105,13.0013,"TEX"
"2019-09-24 10:00:00",14.0582,14.3413,"TEX"
"2019-09-24 09:45:00",17.7963,8.3889,"TEX"
"2019-09-23 16:00:00",24.2593,19.4445,"TEX"
"2019-09-23 15:45:00",27.6907,25.5557,"TEX"
"2019-09-23 15:30:00",34.309,27.7779,"TEX"
"2019-09-23 15:15:00",46.4634,29.7385,"TEX"
"2019-09-23 15:00:00",61.3847,45.4107,"TEX"
"2019-09-23 14:45:00",70.0378,64.2409,"TEX"
"2019-09-23 14:30:00",69.3486,74.5025,"TEX"
"2019-09-23 14:15:00",62.2423,71.37,"TEX"
"2019-09-23 14:00:00",55.5717,62.1733,"TEX"
"2019-09-23 13:45:00",55.5663,53.1836,"TEX"
"2019-09-23 13:30:00",57.7215,51.3583,"TEX"
"2019-09-23 13:15:00",59.7121,62.1571,"TEX"
"2019-09-23 13:00:00",60.2737,59.6492,"TEX"
"2019-09-23 12:45:00",64.1635,57.3299,"TEX"
"2019-09-23 12:30:00",73.8493,63.8421,"TEX"
"2019-09-23 12:15:00",80.9325,71.3185,"TEX"
"2019-09-23 12:00:00",81.3058,86.3873,"TEX"
"2019-09-23 11:45:00",72.361,85.0915,"TEX"
"2019-09-23 11:30:00",61.1312,72.4387,"TEX"
"2019-09-23 11:15:00",54.447,59.5529,"TEX"
"2019-09-23 11:00:00",51.487,51.402,"TEX"
"2019-09-23 10:45:00",53.7264,52.386,"TEX"
"2019-09-23 10:30:00",52.8037,50.673,"TEX"
"2019-09-23 10:15:00",47.0535,58.1203,"TEX"
"2019-09-23 10:00:00",30.2792,49.6179,"TEX"
"2019-09-23 09:45:00",20.8397,33.4222,"TEX"
"2019-09-20 16:00:00",26.2208,7.7976,"TEX"
"2019-09-20 15:45:00",50.7404,21.2994,"TEX"
"2019-09-20 15:30:00",68.3969,49.5655,"TEX"
"2019-09-20 15:15:00",67.4389,81.3561,"TEX"
"2019-09-20 15:00:00",46.7704,74.2689,"TEX"
"2019-09-20 14:45:00",25.5098,46.6916,"TEX"
"2019-09-20 14:30:00",14.4161,19.3508,"TEX"
"2019-09-20 14:15:00",10.4384,10.487,"TEX"
"2019-09-20 14:00:00",10.7859,13.4104,"TEX"
"2019-09-20 13:45:00",9.2832,7.4179,"TEX"
"2019-09-20 13:30:00",14.3251,11.5295,"TEX"
"2019-09-20 13:15:00",25.3743,8.9023,"TEX"
"2019-09-20 13:00:00",47.5626,22.5436,"TEX"
"2019-09-20 12:45:00",71.7677,44.6771,"TEX"
"2019-09-20 12:30:00",88.9261,75.467,"TEX"
"2019-09-20 12:15:00",88.1844,95.159,"TEX"
"2019-09-20 12:00:00",73.1009,96.1522,"TEX"
"2019-09-20 11:45:00",51.0235,73.242,"TEX"
"2019-09-20 11:30:00",36.7092,49.9086,"TEX"
"2019-09-20 11:15:00",30.6059,29.92,"TEX"
"2019-09-20 11:00:00",30.6364,30.2991,"TEX"
"2019-09-20 10:45:00",34.2843,31.5986,"TEX"
"2019-09-20 10:30:00",39.1504,30.0113,"TEX"
"2019-09-20 10:15:00",42.406,41.2429,"TEX"
"2019-09-20 10:00:00",34.9149,46.197,"TEX"
"2019-09-20 09:45:00",20.5379,39.7779,"TEX"
"2019-09-19 16:00:00",9.824,18.7697,"TEX"
"2019-09-19 15:45:00",6.2647,3.0661,"TEX"
"2019-09-19 15:30:00",11.7075,7.6362,"TEX"
"2019-09-19 15:15:00",18.6933,8.0918,"TEX"
"2019-09-19 15:00:00",28.3986,19.3945,"TEX"
"2019-09-19 14:45:00",34.0521,28.5934,"TEX"
"2019-09-19 14:30:00",38.0499,37.2077,"TEX"
"2019-09-19 14:15:00",43.1211,36.3552,"TEX"
"2019-09-19 14:00:00",53.8188,40.5869,"TEX"
"2019-09-19 13:45:00",64.5148,52.4213,"TEX"
"2019-09-19 13:30:00",64.5909,68.4482,"TEX"
"2019-09-19 13:15:00",52.538,72.675,"TEX"
"2019-09-19 13:00:00",31.1701,52.6496,"TEX"
"2019-09-19 12:45:00",19.4372,32.2893,"TEX"
"2019-09-19 12:30:00",18.3722,8.5713,"TEX"
"2019-09-19 12:15:00",35.4313,17.451,"TEX"
"2019-09-19 12:00:00",56.0866,29.0942,"TEX"
"2019-09-19 11:45:00",75.66,59.7487,"TEX"
"2019-09-19 11:30:00",82.1962,79.417,"TEX"
"2019-09-19 11:15:00",80.9264,87.8143,"TEX"
"2019-09-19 11:00:00",78.3751,79.3571,"TEX"
"2019-09-19 10:45:00",77.8278,75.6078,"TEX"
"2019-09-19 10:30:00",79.9995,80.1605,"TEX"
"2019-09-19 10:15:00",78.8724,77.7151,"TEX"
"2019-09-19 10:00:00",80.5077,82.1228,"TEX"
"2019-09-19 09:45:00",75.4088,76.7794,"TEX"
"2019-09-18 16:00:00",68.2829,82.6209,"TEX"
"2019-09-18 15:45:00",54.4889,66.8262,"TEX"
"2019-09-18 15:30:00",41.1127,55.4017,"TEX"
"2019-09-18 15:15:00",26.714,41.2388,"TEX"
"2019-09-18 15:00:00",18.623,26.6976,"TEX"
"2019-09-18 14:45:00",15.5174,12.2056,"TEX"
"2019-09-18 14:30:00",17.2425,16.9657,"TEX"
"2019-09-18 14:15:00",20.6261,17.381,"TEX"
"2019-09-18 14:00:00",33.4361,17.381,"TEX"
"2019-09-18 13:45:00",55.3106,27.1164,"TEX"
"2019-09-18 13:30:00",71.5401,55.811,"TEX"
"2019-09-18 13:15:00",73.5765,83.0043,"TEX"
"2019-09-18 13:00:00",58.2777,75.8051,"TEX"
"2019-09-18 12:45:00",43.0647,61.9202,"TEX"
"2019-09-18 12:30:00",29.3418,37.1078,"TEX"
"2019-09-18 12:15:00",27.3208,30.1661,"TEX"
"2019-09-18 12:00:00",30.2427,20.7514,"TEX"
"2019-09-18 11:45:00",41.9488,31.0449,"TEX"
"2019-09-18 11:30:00",56.1194,38.9319,"TEX"
"2019-09-18 11:15:00",69.5612,55.8695,"TEX"
"2019-09-18 11:00:00",76.33,73.5568,"TEX"
"2019-09-18 10:45:00",75.8722,79.2574,"TEX"
"2019-09-18 10:30:00",75.7562,76.1759,"TEX"
"2019-09-18 10:15:00",80.4462,72.1833,"TEX"
"2019-09-18 10:00:00",87.804,78.9094,"TEX"
"2019-09-18 09:45:00",91.6904,90.246,"TEX"
"2019-09-17 16:00:00",89.9355,94.2567,"TEX"
"2019-09-17 15:45:00",83.2127,90.5687,"TEX"
"2019-09-17 15:30:00",72.3231,84.9811,"TEX"
"2019-09-17 15:15:00",58.2696,74.0884,"TEX"
"2019-09-17 15:00:00",44.4378,57.8998,"TEX"
"2019-09-17 14:45:00",39.3355,42.8207,"TEX"
"2019-09-17 14:30:00",43.743,32.5929,"TEX"
"2019-09-17 14:15:00",58.6339,42.5929,"TEX"
"2019-09-17 14:00:00",73.4121,56.043,"TEX"
"2019-09-17 13:45:00",83.7323,77.2658,"TEX"
"2019-09-17 13:30:00",87.5163,86.9275,"TEX"
"2019-09-17 13:15:00",85.938,87.0035,"TEX"
"2019-09-17 13:00:00",84.0583,88.618,"TEX"
"2019-09-17 12:45:00",80.9166,82.1924,"TEX"
"2019-09-17 12:30:00",79.4611,81.3644,"TEX"
"2019-09-17 12:15:00",79.5185,79.193,"TEX"
"2019-09-17 12:00:00",77.4455,77.8259,"TEX"
"2019-09-17 11:45:00",71.5431,81.5367,"TEX"
"2019-09-17 11:30:00",57.3414,72.9738,"TEX"
"2019-09-17 11:15:00",40.9831,60.1187,"TEX"
"2019-09-17 11:00:00",26.9566,38.9316,"TEX"
"2019-09-17 10:45:00",20.4927,23.899,"TEX"
"2019-09-17 10:30:00",20.8979,18.0393,"TEX"
"2019-09-17 10:15:00",22.258,19.5397,"TEX"
"2019-09-17 10:00:00",20.5067,25.1148,"TEX"
"2019-09-17 09:45:00",16.3476,22.1195,"TEX"
"2019-09-16 16:00:00",14.1027,14.2858,"TEX"
"2019-09-16 15:45:00",16.0564,12.6375,"TEX"
"2019-09-16 15:30:00",23.6591,15.3848,"TEX"
"2019-09-16 15:15:00",32.085,20.1468,"TEX"
"2019-09-16 15:00:00",45.6695,35.4459,"TEX"
"2019-09-16 14:45:00",55.113,40.6624,"TEX"
"2019-09-16 14:30:00",66.8624,60.9003,"TEX"
"2019-09-16 14:15:00",72.0587,63.7762,"TEX"
"2019-09-16 14:00:00",75.998,75.9105,"TEX"
"2019-09-16 13:45:00",76.1291,76.4894,"TEX"
"2019-09-16 13:30:00",71.8974,75.5942,"TEX"
"2019-09-16 13:15:00",60.1479,76.3036,"TEX"
"2019-09-16 13:00:00",40.4325,63.7945,"TEX"
"2019-09-16 12:45:00",21.3348,40.3458,"TEX"
"2019-09-16 12:30:00",14.6704,17.1573,"TEX"
"2019-09-16 12:15:00",26.429,6.5013,"TEX"
"2019-09-16 12:00:00",47.7977,20.3527,"TEX"
"2019-09-16 11:45:00",69.4997,52.433,"TEX"
"2019-09-16 11:30:00",79.4599,70.6075,"TEX"
"2019-09-16 11:15:00",84.0394,85.4585,"TEX"
"2019-09-16 11:00:00",80.6518,82.3138,"TEX"
"2019-09-16 10:45:00",76.0236,84.3459,"TEX"
"2019-09-16 10:30:00",71.9081,75.2957,"TEX"
"2019-09-16 10:15:00",67.658,68.4292,"TEX"
"2019-09-16 10:00:00",62.2851,71.9994,"TEX"
"2019-09-16 09:45:00",51.6704,62.5453,"TEX"
"2019-09-13 16:00:00",40.0299,52.3105,"TEX"
"2019-09-13 15:45:00",33.2029,40.1553,"TEX"
"2019-09-13 15:30:00",26.7187,27.624,"TEX"
"2019-09-13 15:15:00",31.2342,31.8294,"TEX"
"2019-09-13 15:00:00",31.4705,20.7026,"TEX"
"2019-09-13 14:45:00",36.9154,41.1706,"TEX"
"2019-09-13 14:30:00",38.1482,32.5383,"TEX"
"2019-09-13 14:15:00",48.6191,37.0373,"TEX"
"2019-09-13 14:00:00",66.2323,44.8689,"TEX"
"2019-09-13 13:45:00",77.4971,63.9511,"TEX"
"2019-09-13 13:30:00",82.896,89.8769,"TEX"
"2019-09-13 13:15:00",74.4676,78.6635,"TEX"
"2019-09-13 13:00:00",67.8446,80.1475,"TEX"
"2019-09-13 12:45:00",60.6617,64.5917,"TEX"
"2019-09-13 12:30:00",60.7486,58.7946,"TEX"
"2019-09-13 12:15:00",66.0427,58.5988,"TEX"
"2019-09-13 12:00:00",71.1868,64.8523,"TEX"
"2019-09-13 11:45:00",71.1524,74.677,"TEX"
"2019-09-13 11:30:00",67.3585,74.031,"TEX"
"2019-09-13 11:15:00",59.2477,64.7492,"TEX"
"2019-09-13 11:00:00",55.5098,63.2952,"TEX"
"2019-09-13 10:45:00",48.6201,49.6988,"TEX"
"2019-09-13 10:30:00",42.0432,53.5354,"TEX"
"2019-09-13 10:15:00",27.9922,42.6263,"TEX"
"2019-09-13 10:00:00",18.7033,29.9681,"TEX"
"2019-09-13 09:45:00",15.9586,11.3822,"TEX"
"2019-09-12 16:00:00",23.7742,14.7597,"TEX"
"2019-09-12 15:45:00",32.7709,21.7338,"TEX"
"2019-09-12 15:30:00",38.0944,34.8291,"TEX"
"2019-09-12 15:15:00",36.4213,41.7499,"TEX"
"2019-09-12 15:00:00",30.0522,37.7041,"TEX"
"2019-09-12 14:45:00",33.717,29.8097,"TEX"
"2019-09-12 14:30:00",41.851,22.6427,"TEX"
"2019-09-12 14:15:00",50.6064,48.6984,"TEX"
"2019-09-12 14:00:00",43.8975,54.212,"TEX"
"2019-09-12 13:45:00",37.7317,48.9089,"TEX"
"2019-09-12 13:30:00",33.4364,28.5716,"TEX"
"2019-09-12 13:15:00",35.3273,35.7144,"TEX"
"2019-09-12 13:00:00",32.6405,36.023,"TEX"
"2019-09-12 12:45:00",31.9604,34.2446,"TEX"
"2019-09-12 12:30:00",31.6685,27.654,"TEX"
"2019-09-12 12:15:00",31.3587,33.9828,"TEX"
"2019-09-12 12:00:00",23.9491,33.3688,"TEX"
"2019-09-12 11:45:00",15.6185,26.7246,"TEX"
"2019-09-12 11:30:00",12.2642,11.7539,"TEX"
"2019-09-12 11:15:00",21.7533,8.3769,"TEX"
"2019-09-12 11:00:00",34.2314,16.6618,"TEX"
"2019-09-12 10:45:00",41.8738,40.2212,"TEX"
"2019-09-12 10:30:00",38.5522,45.8112,"TEX"
"2019-09-12 10:15:00",36.4175,39.589,"TEX"
"2019-09-12 10:00:00",40.317,30.2565,"TEX"
"2019-09-12 09:45:00",50.7945,39.407,"TEX"
"2019-09-11 16:00:00",55.3249,51.2876,"TEX"
"2019-09-11 15:45:00",53.6619,61.689,"TEX"
"2019-09-11 15:30:00",43.6557,52.998,"TEX"
"2019-09-11 15:15:00",36.0562,46.2986,"TEX"
"2019-09-11 15:00:00",31.6124,31.6704,"TEX"
"2019-09-11 14:45:00",34.9268,30.1997,"TEX"
"2019-09-11 14:30:00",40.698,32.9673,"TEX"
"2019-09-11 14:15:00",44.9849,41.6136,"TEX"
"2019-09-11 14:00:00",42.7383,47.5132,"TEX"
"2019-09-11 13:45:00",42.7765,45.8277,"TEX"
"2019-09-11 13:30:00",40.2509,34.8738,"TEX"
"2019-09-11 13:15:00",44.8732,47.6281,"TEX"
"2019-09-11 13:00:00",42.6456,38.2509,"TEX"
"2019-09-11 12:45:00",46.7303,48.7405,"TEX"
"2019-09-11 12:30:00",42.2792,40.9453,"TEX"
"2019-09-11 12:15:00",42.0751,50.5052,"TEX"
"2019-09-11 12:00:00",45.0282,35.387,"TEX"
"2019-09-11 11:45:00",61.8484,40.333,"TEX"
"2019-09-11 11:30:00",79.8244,59.3645,"TEX"
"2019-09-11 11:15:00",91.4083,85.8477,"TEX"
"2019-09-11 11:00:00",93.8654,94.2608,"TEX"
"2019-09-11 10:45:00",88.3889,94.1163,"TEX"
"2019-09-11 10:30:00",76.3111,93.2189,"TEX"
"2019-09-11 10:15:00",62.228,77.8314,"TEX"
"2019-09-11 10:00:00",57.7381,57.883,"TEX"
"2019-09-11 09:45:00",64.6731,50.9696,"TEX"
"2019-09-10 16:00:00",70.4866,64.3617,"TEX"
"2019-09-10 15:45:00",61.6509,78.6879,"TEX"
"2019-09-10 15:30:00",42.3379,68.4102,"TEX"
"2019-09-10 15:15:00",31.76,37.8546,"TEX"
"2019-09-10 15:00:00",38.9206,20.7487,"TEX"
"2019-09-10 14:45:00",59.2379,36.6768,"TEX"
"2019-09-10 14:30:00",73.3296,59.3361,"TEX"
"2019-09-10 14:15:00",77.6412,81.7006,"TEX"
"2019-09-10 14:00:00",69.251,78.9519,"TEX"
"2019-09-10 13:45:00",60.8858,72.2709,"TEX"
"2019-09-10 13:30:00",59.5073,56.5301,"TEX"
"2019-09-10 13:15:00",65.2637,53.8563,"TEX"
"2019-09-10 13:00:00",74.2828,68.1354,"TEX"
"2019-09-10 12:45:00",78.1786,73.7994,"TEX"
"2019-09-10 12:30:00",81.4865,80.9136,"TEX"
"2019-09-10 12:15:00",83.3206,79.8228,"TEX"
"2019-09-10 12:00:00",86.3607,83.7231,"TEX"
"2019-09-10 11:45:00",90.3629,86.4159,"TEX"
"2019-09-10 11:30:00",93.1552,88.9431,"TEX"
"2019-09-10 11:15:00",95.2338,95.7298,"TEX"
"2019-09-10 11:00:00",92.3293,94.7926,"TEX"
"2019-09-10 10:45:00",87.7927,95.1789,"TEX"
"2019-09-10 10:30:00",82.6192,87.0165,"TEX"
"2019-09-10 10:15:00",75.8359,81.1828,"TEX"
"2019-09-10 10:00:00",71.4873,79.6582,"TEX"
"2019-09-10 09:45:00",67.1394,66.6666,"TEX"
"2019-09-09 16:00:00",69.8992,68.1372,"TEX"
"2019-09-09 15:45:00",70.7458,66.6144,"TEX"
"2019-09-09 15:30:00",72.0519,74.9461,"TEX"
"2019-09-09 15:15:00",67.4621,70.6768,"TEX"
"2019-09-09 15:00:00",65.1726,70.5328,"TEX"
"2019-09-09 14:45:00",57.9154,61.1768,"TEX"
"2019-09-09 14:30:00",54.5553,63.8083,"TEX"
"2019-09-09 14:15:00",44.6075,48.7612,"TEX"
"2019-09-09 14:00:00",38.6222,51.0964,"TEX"
"2019-09-09 13:45:00",30.3915,33.9649,"TEX"
"2019-09-09 13:30:00",29.5527,30.8052,"TEX"
"2019-09-09 13:15:00",35.0644,26.4044,"TEX"
"2019-09-09 13:00:00",46.3108,31.4484,"TEX"
"2019-09-09 12:45:00",56.8999,47.3405,"TEX"
"2019-09-09 12:30:00",59.0671,60.1435,"TEX"
"2019-09-09 12:15:00",59.0676,63.2155,"TEX"
"2019-09-09 12:00:00",63.3363,53.8421,"TEX"
"2019-09-09 11:45:00",75.4336,60.145,"TEX"
"2019-09-09 11:30:00",87.4988,76.0217,"TEX"
"2019-09-09 11:15:00",93.4371,90.1342,"TEX"
"2019-09-09 11:00:00",95.3447,96.3405,"TEX"
"2019-09-09 10:45:00",94.9471,93.8367,"TEX"
"2019-09-09 10:30:00",92.0032,95.8569,"TEX"
"2019-09-09 10:15:00",84.9467,95.1477,"TEX"
"2019-09-09 10:00:00",76.8286,85.005,"TEX"
"2019-09-09 09:45:00",75.4644,74.6875,"TEX"
"2019-09-06 16:00:00",70.5619,70.7934,"TEX"
"2019-09-06 15:45:00",59.0901,80.9124,"TEX"
"2019-09-06 15:30:00",37.8523,59.9799,"TEX"
"2019-09-06 15:15:00",23.8396,36.3782,"TEX"
"2019-09-06 15:00:00",17.5286,17.1989,"TEX"
"2019-09-06 14:45:00",14.2816,17.9417,"TEX"
"2019-09-06 14:30:00",10.3199,17.4452,"TEX"
"2019-09-06 14:15:00",4.9798,7.4579,"TEX"
"2019-09-06 14:00:00",4.3021,6.0566,"TEX"
"2019-09-06 13:45:00",6.3707,1.4248,"TEX"
"2019-09-06 13:30:00",16.0076,5.4248,"TEX"
"2019-09-06 13:15:00",31.1821,12.2625,"TEX"
"2019-09-06 13:00:00",51.9632,30.3354,"TEX"
"2019-09-06 12:45:00",65.4595,50.9484,"TEX"
"2019-09-06 12:30:00",65.8682,74.6056,"TEX"
"2019-09-06 12:15:00",57.0554,70.8245,"TEX"
"2019-09-06 12:00:00",53.6279,52.1745,"TEX"
"2019-09-06 11:45:00",65.2627,48.1671,"TEX"
"2019-09-06 11:30:00",78.0437,60.542,"TEX"
"2019-09-06 11:15:00",85.9219,87.0789,"TEX"
"2019-09-06 11:00:00",79.1212,86.5101,"TEX"
"2019-09-06 10:45:00",63.6383,84.1767,"TEX"
"2019-09-06 10:30:00",42.0567,66.6768,"TEX"
"2019-09-06 10:15:00",21.5729,40.0614,"TEX"
"2019-09-06 10:00:00",13.7852,19.4318,"TEX"
"2019-09-06 09:45:00",16.1218,5.2256,"TEX"
"2019-09-05 16:00:00",28.8551,16.6982,"TEX"
"2019-09-05 15:45:00",43.4195,26.4415,"TEX"
"2019-09-05 15:30:00",58.8851,43.4254,"TEX"
"2019-09-05 15:15:00",70.2218,60.3914,"TEX"
"2019-09-05 15:00:00",76.8292,72.8384,"TEX"
"2019-09-05 14:45:00",79.6469,77.4356,"TEX"
"2019-09-05 14:30:00",79.7541,80.2134,"TEX"
"2019-09-05 14:15:00",74.8231,81.2916,"TEX"
"2019-09-05 14:00:00",67.9495,77.7572,"TEX"
"2019-09-05 13:45:00",63.4121,65.4206,"TEX"
"2019-09-05 13:30:00",64.31,60.6708,"TEX"
"2019-09-05 13:15:00",66.4644,64.145,"TEX"
"2019-09-05 13:00:00",60.4264,68.1143,"TEX"
"2019-09-05 12:45:00",45.5365,67.1338,"TEX"
"2019-09-05 12:30:00",25.1581,46.0311,"TEX"
"2019-09-05 12:15:00",19.3655,23.4445,"TEX"
"2019-09-05 12:00:00",28.8053,5.9988,"TEX"
"2019-09-05 11:45:00",53.2789,28.653,"TEX"
"2019-09-05 11:30:00",72.7631,51.7642,"TEX"
"2019-09-05 11:15:00",87.1246,79.4196,"TEX"
"2019-09-05 11:00:00",91.4613,87.1054,"TEX"
"2019-09-05 10:45:00",92.6351,94.8488,"TEX"
"2019-09-05 10:30:00",85.057,92.4297,"TEX"
"2019-09-05 10:15:00",69.9967,90.6266,"TEX"
"2019-09-05 10:00:00",50.3831,72.1146,"TEX"
"2019-09-05 09:45:00",42.9896,47.249,"TEX"
"2019-09-04 16:00:00",47.1741,31.7856,"TEX"
"2019-09-04 15:45:00",60.2169,49.9341,"TEX"
"2019-09-04 15:30:00",65.1818,59.8026,"TEX"
"2019-09-04 15:15:00",66.9409,70.9138,"TEX"
"2019-09-04 15:00:00",60.2343,64.829,"TEX"
"2019-09-04 14:45:00",53.9314,65.0799,"TEX"
"2019-09-04 14:30:00",52.0084,50.7941,"TEX"
"2019-09-04 14:15:00",59.741,45.9201,"TEX"
"2019-09-04 14:00:00",72.1116,59.311,"TEX"
"2019-09-04 13:45:00",76.0809,73.992,"TEX"
"2019-09-04 13:30:00",68.9063,83.0317,"TEX"
"2019-09-04 13:15:00",48.8643,71.2192,"TEX"
"2019-09-04 13:00:00",27.4716,52.4682,"TEX"
"2019-09-04 12:45:00",17.3896,22.9056,"TEX"
"2019-09-04 12:30:00",22.347,7.041,"TEX"
"2019-09-04 12:15:00",32.5925,22.2222,"TEX"
"2019-09-04 12:00:00",33.8686,37.7777,"TEX"
"2019-09-04 11:45:00",26.1839,37.7777,"TEX"
"2019-09-04 11:30:00",26.2449,26.0506,"TEX"
"2019-09-04 11:15:00",32.7313,14.7235,"TEX"
"2019-09-04 11:00:00",49.0134,37.9606,"TEX"
"2019-09-04 10:45:00",59.6191,45.5097,"TEX"
"2019-09-04 10:30:00",64.8682,63.57,"TEX"
"2019-09-04 10:15:00",65.0011,69.7776,"TEX"
"2019-09-04 10:00:00",62.6943,61.2571,"TEX"
"2019-09-04 09:45:00",68.825,63.9686,"TEX"
"2019-09-03 16:00:00",69.2273,62.8571,"TEX"
"2019-09-03 15:45:00",64.2595,79.6493,"TEX"
"2019-09-03 15:30:00",49.8605,65.1755,"TEX"
"2019-09-03 15:15:00",46.0366,47.9536,"TEX"
"2019-09-03 15:00:00",46.5887,36.4525,"TEX"
"2019-09-03 14:45:00",46.5193,53.7036,"TEX"
"2019-09-03 14:30:00",33.7393,49.6099,"TEX"
"2019-09-03 14:15:00",21.5173,36.2444,"TEX"
"2019-09-03 14:00:00",13.2673,15.3636,"TEX"
"2019-09-03 13:45:00",9.6787,12.9438,"TEX"
"2019-09-03 13:30:00",12.7715,11.4945,"TEX"
"2019-09-03 13:15:00",23.9068,4.5978,"TEX"
"2019-09-03 13:00:00",45.057,22.2223,"TEX"
"2019-09-03 12:45:00",62.3179,44.9003,"TEX"
"2019-09-03 12:30:00",74.8256,68.0485,"TEX"
"2019-09-03 12:15:00",73.5455,74.0049,"TEX"
"2019-09-03 12:00:00",63.203,82.4233,"TEX"
"2019-09-03 11:45:00",40.7165,64.2082,"TEX"
"2019-09-03 11:30:00",23.1018,42.9776,"TEX"
"2019-09-03 11:15:00",10.3429,14.9636,"TEX"
"2019-09-03 11:00:00",7.2252,11.3641,"TEX"
"2019-09-03 10:45:00",6.0545,4.7011,"TEX"
"2019-09-03 10:30:00",12.0374,5.6104,"TEX"
"2019-09-03 10:15:00",24.2632,7.8519,"TEX"
"2019-09-03 10:00:00",42.6802,22.6497,"TEX"
"2019-09-03 09:45:00",53.6709,42.288,"TEX"
"2019-08-30 16:00:00",52.9488,63.103,"TEX"
"2019-08-30 15:45:00",39.0401,55.6217,"TEX"
"2019-08-30 15:30:00",35.6469,40.1218,"TEX"
"2019-08-30 15:15:00",39.2947,21.3769,"TEX"
"2019-08-30 15:00:00",47.9264,45.4422,"TEX"
"2019-08-30 14:45:00",39.568,51.0651,"TEX"
"2019-08-30 14:30:00",26.7772,47.2718,"TEX"
"2019-08-30 14:15:00",16.072,20.3669,"TEX"
"2019-08-30 14:00:00",18.1303,12.6929,"TEX"
"2019-08-30 13:45:00",28.1467,15.1562,"TEX"
"2019-08-30 13:30:00",45.5185,26.5418,"TEX"
"2019-08-30 13:15:00",63.4396,42.7422,"TEX"
"2019-08-30 13:00:00",77.8237,67.2715,"TEX"
"2019-08-30 12:45:00",80.9739,80.3051,"TEX"
"2019-08-30 12:30:00",73.4232,85.8945,"TEX"
"2019-08-30 12:15:00",54.7196,76.7222,"TEX"
"2019-08-30 12:00:00",35.7569,57.6528,"TEX"
"2019-08-30 11:45:00",24.3691,29.7839,"TEX"
"2019-08-30 11:30:00",29.5638,19.834,"TEX"
"2019-08-30 11:15:00",44.5288,23.4894,"TEX"
"2019-08-30 11:00:00",60.0757,45.368,"TEX"
"2019-08-30 10:45:00",69.2045,64.729,"TEX"
"2019-08-30 10:30:00",67.0463,70.1302,"TEX"
"2019-08-30 10:15:00",61.3577,72.7543,"TEX"
"2019-08-30 10:00:00",51.7709,58.2545,"TEX"
"2019-08-30 09:45:00",50.0468,53.0643,"TEX"
"2019-08-29 16:00:00",55.7636,43.9939,"TEX"
"2019-08-29 15:45:00",69.8269,53.0821,"TEX"
"2019-08-29 15:30:00",83.5258,70.2149,"TEX"
"2019-08-29 15:15:00",92.2545,86.1837,"TEX"
"2019-08-29 15:00:00",93.9653,94.1788,"TEX"
"2019-08-29 14:45:00",92.7653,96.401,"TEX"
"2019-08-29 14:30:00",89.8986,91.3159,"TEX"
"2019-08-29 14:15:00",82.6389,90.5789,"TEX"
"2019-08-29 14:00:00",68.2778,87.801,"TEX"
"2019-08-29 13:45:00",45.4345,69.5367,"TEX"
"2019-08-29 13:30:00",32.3688,47.4958,"TEX"
"2019-08-29 13:15:00",30.5149,19.2709,"TEX"
"2019-08-29 13:00:00",44.6023,30.3398,"TEX"
"2019-08-29 12:45:00",58.0773,41.9339,"TEX"
"2019-08-29 12:30:00",67.832,61.5331,"TEX"
"2019-08-29 12:15:00",69.2066,70.765,"TEX"
"2019-08-29 12:00:00",62.7635,71.1979,"TEX"
"2019-08-29 11:45:00",56.6227,65.6567,"TEX"
