"timestamp","open","high","low","close","volume"
2019-08-26 09:45:00,17.2206,17.3369,17.1266,17.2556,4518
2019-08-26 10:00:00,17.24,17.26,17.22,17.22,6060
2019-08-26 10:15:00,17.2163,17.2309,17.1598,17.1703,7499
2019-08-26 10:30:00,17.18,17.195,17.16,17.16,8124
2019-08-26 10:45:00,17.17,17.175,17.115,17.12,5976
2019-08-26 11:00:00,17.12,17.15,17.11,17.14,8372
2019-08-26 11:15:00,17.14,17.21,17.14,17.21,3642
2019-08-26 11:30:00,17.2206,17.2361,17.1761,17.1906,6470
2019-08-26 11:45:00,17.1905,17.2169,17.1868,17.1905,4930
2019-08-26 12:00:00,17.18,17.2,17.18,17.18,5442
2019-08-26 12:15:00,17.2,17.22,17.19,17.21,3205
2019-08-26 12:30:00,17.2106,17.281,17.201,17.2506,10436
2019-08-26 12:45:00,17.25,17.32,17.24,17.295,7081
2019-08-26 13:00:00,17.3,17.33,17.28,17.32,36971
2019-08-26 13:15:00,17.33,17.355,17.32,17.35,30324
2019-08-26 13:30:00,17.345,17.35,17.34,17.3461,14262
2019-08-26 13:45:00,17.34,17.36,17.34,17.35,5081
2019-08-26 14:00:00,17.35,17.35,17.29,17.29,8735
2019-08-26 14:15:00,17.3105,17.332,17.307,17.3106,4596
2019-08-26 14:30:00,17.31,17.35,17.3,17.34,5866
2019-08-26 14:45:00,17.33,17.335,17.33,17.33,12289
2019-08-26 15:00:00,17.34,17.36,17.32,17.33,7320
2019-08-26 15:15:00,17.325,17.33,17.29,17.3,5672
2019-08-26 15:30:00,17.29,17.3,17.29,17.29,2709
2019-08-26 15:45:00,17.295,17.305,17.29,17.3,11542
2019-08-26 16:00:00,17.3,17.3,17.29,17.3,35792
2019-08-27 09:45:00,17.41,17.73,17.41,17.455,9911
2019-08-27 10:00:00,17.45,17.46,17.4,17.41,4506
2019-08-27 10:15:00,17.425,17.43,17.4,17.4,6267
2019-08-27 10:30:00,17.41,17.41,17.38,17.38,9611
2019-08-27 10:45:00,17.385,17.3942,17.33,17.33,5760
2019-08-27 11:00:00,17.35,17.35,17.31,17.31,3190
2019-08-27 11:15:00,17.3,17.33,17.29,17.3,6384
2019-08-27 11:30:00,17.29,17.29,17.26,17.265,5354
2019-08-27 11:45:00,17.27,17.315,17.26,17.31,8528
2019-08-27 12:00:00,17.32,17.35,17.32,17.34,4562
2019-08-27 12:15:00,17.33,17.3401,17.29,17.3,5005
2019-08-27 12:30:00,17.29,17.32,17.29,17.32,3177
2019-08-27 12:45:00,17.31,17.31,17.27,17.27,4122
2019-08-27 13:00:00,17.28,17.29,17.27,17.27,3237
2019-08-27 13:15:00,17.275,17.33,17.27,17.27,5176
2019-08-27 13:30:00,17.27,17.31,17.265,17.29,4267
2019-08-27 13:45:00,17.3,17.37,17.29,17.35,8455
2019-08-27 14:00:00,17.34,17.36,17.34,17.34,3206
2019-08-27 14:15:00,17.345,17.35,17.31,17.31,7318
2019-08-27 14:30:00,17.31,17.32,17.3,17.31,8467
2019-08-27 14:45:00,17.3,17.31,17.3,17.31,4222
2019-08-27 15:00:00,17.3,17.3,17.27,17.3,6428
2019-08-27 15:15:00,17.29,17.3055,17.27,17.275,7236
2019-08-27 15:30:00,17.27,17.27,17.2,17.205,9298
2019-08-27 15:45:00,17.21,17.26,17.2,17.255,19679
2019-08-27 16:00:00,17.26,17.28,17.16,17.16,72883
2019-08-28 09:45:00,17.17,17.29,17.17,17.29,6103
2019-08-28 10:00:00,17.29,17.36,17.22,17.23,12465
2019-08-28 10:15:00,17.23,17.24,17.19,17.2,20096
2019-08-28 10:30:00,17.2306,17.256,17.226,17.2406,4413
2019-08-28 10:45:00,17.23,17.26,17.23,17.26,3519
2019-08-28 11:00:00,17.26,17.27,17.23,17.23,6958
2019-08-28 11:15:00,17.25,17.3,17.25,17.27,6648
2019-08-28 11:30:00,17.2705,17.31,17.27,17.29,8767
2019-08-28 11:45:00,17.29,17.31,17.275,17.28,5346
2019-08-28 12:00:00,17.28,17.33,17.28,17.3,5666
2019-08-28 12:15:00,17.31,17.32,17.28,17.29,4787
2019-08-28 12:30:00,17.3,17.35,17.295,17.33,7143
2019-08-28 12:45:00,17.33,17.37,17.32,17.33,9873
2019-08-28 13:00:00,17.33,17.34,17.31,17.33,9921
2019-08-28 13:15:00,17.34,17.35,17.33,17.345,3680
2019-08-28 13:30:00,17.34,17.35,17.33,17.33,7136
2019-08-28 13:45:00,17.34,17.36,17.33,17.35,8526
2019-08-28 14:00:00,17.34,17.36,17.31,17.32,7686
2019-08-28 14:15:00,17.31,17.32,17.295,17.295,3564
2019-08-28 14:30:00,17.2957,17.3116,17.2665,17.2807,6891
2019-08-28 14:45:00,17.28,17.28,17.27,17.28,4241
2019-08-28 15:00:00,17.28,17.35,17.27,17.32,10585
2019-08-28 15:15:00,17.32,17.32,17.28,17.28,9962
2019-08-28 15:30:00,17.29,17.31,17.27,17.275,9885
2019-08-28 15:45:00,17.27,17.32,17.26,17.3,11528
2019-08-28 16:00:00,17.3,17.32,17.26,17.27,37527
2019-08-29 09:45:00,17.3806,17.5072,17.317,17.4706,12766
2019-08-29 10:00:00,17.49,17.49,17.39,17.39,5986
2019-08-29 10:15:00,17.41,17.41,17.34,17.35,7967
2019-08-29 10:30:00,17.3603,17.4051,17.345,17.3803,5996
2019-08-29 10:45:00,17.4005,17.4269,17.3568,17.3805,9098
2019-08-29 11:00:00,17.38,17.39,17.36,17.38,1512
2019-08-29 11:15:00,17.41,17.41,17.36,17.37,3146
2019-08-29 11:30:00,17.37,17.39,17.36,17.39,3204
2019-08-29 11:45:00,17.4,17.4,17.3,17.31,12316
2019-08-29 12:00:00,17.31,17.32,17.29,17.32,7825
2019-08-29 12:15:00,17.35,17.37,17.34,17.35,1567
2019-08-29 12:30:00,17.35,17.37,17.34,17.37,684
2019-08-29 12:45:00,17.36,17.39,17.35,17.37,5514
2019-08-29 13:00:00,17.38,17.38,17.33,17.36,10127
2019-08-29 13:15:00,17.35,17.35,17.33,17.33,5396
2019-08-29 13:30:00,17.34,17.37,17.34,17.34,4884
2019-08-29 13:45:00,17.37,17.38,17.32,17.335,34910
2019-08-29 14:00:00,17.33,17.35,17.33,17.34,8237
2019-08-29 14:15:00,17.34,17.35,17.33,17.33,3122
2019-08-29 14:30:00,17.34,17.36,17.33,17.36,7202
2019-08-29 14:45:00,17.3553,17.375,17.35,17.3503,5294
2019-08-29 15:00:00,17.35,17.36,17.34,17.34,3497
2019-08-29 15:15:00,17.34,17.36,17.33,17.355,3047
2019-08-29 15:30:00,17.36,17.38,17.34,17.34,11533
2019-08-29 15:45:00,17.34,17.34,17.28,17.29,18144
2019-08-29 16:00:00,17.31,17.36,17.28,17.34,63375
2019-08-30 09:45:00,17.4605,17.4769,17.2567,17.3205,6800
2019-08-30 10:00:00,17.32,17.4,17.32,17.37,8162
2019-08-30 10:15:00,17.42,17.44,17.35,17.35,6162
2019-08-30 10:30:00,17.36,17.38,17.36,17.38,2123
2019-08-30 10:45:00,17.385,17.41,17.38,17.385,4315
2019-08-30 11:00:00,17.38,17.38,17.36,17.36,1967
2019-08-30 11:15:00,17.35,17.36,17.3,17.3,9746
2019-08-30 11:30:00,17.3207,17.3366,17.2865,17.2907,6308
2019-08-30 11:45:00,17.305,17.33,17.305,17.33,3943
2019-08-30 12:00:00,17.35,17.36,17.33,17.34,3686
2019-08-30 12:15:00,17.345,17.365,17.345,17.35,4342
2019-08-30 12:30:00,17.35,17.36,17.35,17.36,2129
2019-08-30 12:45:00,17.36,17.36,17.34,17.35,2517
2019-08-30 13:00:00,17.35,17.35,17.3,17.32,12090
2019-08-30 13:15:00,17.32,17.33,17.29,17.3,3671
2019-08-30 13:30:00,17.3,17.35,17.3,17.35,2551
2019-08-30 13:45:00,17.35,17.35,17.3,17.3,5645
2019-08-30 14:00:00,17.31,17.33,17.29,17.29,5316
2019-08-30 14:15:00,17.31,17.3277,17.31,17.31,5492
2019-08-30 14:30:00,17.3,17.33,17.3,17.32,4585
2019-08-30 14:45:00,17.33,17.34,17.32,17.33,5273
2019-08-30 15:00:00,17.34,17.35,17.32,17.34,5861
2019-08-30 15:15:00,17.33,17.33,17.31,17.32,4310
2019-08-30 15:30:00,17.3203,17.3536,17.3136,17.3353,7169
2019-08-30 15:45:00,17.335,17.35,17.32,17.33,7580
2019-08-30 16:00:00,17.33,17.37,17.33,17.34,16329
2019-09-03 09:45:00,17.3,17.37,17.2925,17.345,8638
2019-09-03 10:00:00,17.35,17.39,17.32,17.33,6841
2019-09-03 10:15:00,17.3305,17.3568,17.2567,17.3005,13874
2019-09-03 10:30:00,17.3007,17.3366,17.2765,17.2807,7311
2019-09-03 10:45:00,17.27,17.35,17.25,17.25,10490
2019-09-03 11:00:00,17.25,17.35,17.22,17.33,22060
2019-09-03 11:15:00,17.33,17.365,17.33,17.345,7882
2019-09-03 11:30:00,17.34,17.35,17.32,17.33,6160
2019-09-03 11:45:00,17.34,17.36,17.325,17.33,12902
2019-09-03 12:00:00,17.33,17.38,17.33,17.38,12680
2019-09-03 12:15:00,17.375,17.42,17.375,17.39,14484
2019-09-03 12:30:00,17.39,17.39,17.35,17.35,19031
2019-09-03 12:45:00,17.35,17.41,17.34,17.38,27241
2019-09-03 13:00:00,17.38,17.41,17.37,17.41,7127
2019-09-03 13:15:00,17.4106,17.4262,17.3861,17.3906,4354
2019-09-03 13:30:00,17.3855,17.407,17.3768,17.3805,4963
2019-09-03 13:45:00,17.38,17.38,17.35,17.35,2567
2019-09-03 14:00:00,17.36,17.37,17.33,17.36,1972
2019-09-03 14:15:00,17.36,17.37,17.36,17.37,3109
2019-09-03 14:30:00,17.36,17.39,17.35,17.37,4460
2019-09-03 14:45:00,17.37,17.38,17.35,17.35,4481
2019-09-03 15:00:00,17.34,17.38,17.34,17.38,3232
2019-09-03 15:15:00,17.3606,17.3869,17.3569,17.3706,3282
2019-09-03 15:30:00,17.3606,17.3963,17.3562,17.3607,6293
2019-09-03 15:45:00,17.365,17.4,17.35,17.385,6272
2019-09-03 16:00:00,17.39,17.4,17.37,17.37,30790
2019-09-04 09:45:00,17.47,17.5265,17.46,17.52,10185
2019-09-04 10:00:00,17.53,17.57,17.53,17.56,2763
2019-09-04 10:15:00,17.55,17.57,17.47,17.47,3500
2019-09-04 10:30:00,17.4706,17.5872,17.4671,17.5506,32979
2019-09-04 10:45:00,17.535,17.54,17.53,17.53,2436
2019-09-04 11:00:00,17.53,17.58,17.53,17.58,3356
2019-09-04 11:15:00,17.575,17.59,17.57,17.58,5057
2019-09-04 11:30:00,17.585,17.59,17.57,17.58,10243
2019-09-04 11:45:00,17.5856,17.6472,17.5771,17.6306,75371
2019-09-04 12:00:00,17.65,17.67,17.63,17.63,4407
2019-09-04 12:15:00,17.62,17.69,17.62,17.685,4407
2019-09-04 12:30:00,17.685,17.685,17.63,17.63,3880
2019-09-04 12:45:00,17.63,17.65,17.62,17.63,4573
2019-09-04 13:00:00,17.63,17.65,17.62,17.65,2525
2019-09-04 13:15:00,17.6473,17.6803,17.6403,17.6403,5201
2019-09-04 13:30:00,17.65,17.65,17.65,17.65,1038
2019-09-04 13:45:00,17.66,17.66,17.63,17.63,3490
2019-09-04 14:00:00,17.63,17.65,17.63,17.64,2050
2019-09-04 14:15:00,17.65,17.65,17.62,17.62,4364
2019-09-04 14:30:00,17.62,17.64,17.62,17.64,10179
2019-09-04 14:45:00,17.635,17.66,17.63,17.655,25797
2019-09-04 15:00:00,17.66,17.7,17.66,17.7,8579
2019-09-04 15:15:00,17.7,17.71,17.68,17.69,11904
2019-09-04 15:30:00,17.68,17.72,17.675,17.68,10470
2019-09-04 15:45:00,17.685,17.7,17.66,17.665,16136
2019-09-04 16:00:00,17.67,17.69,17.65,17.69,22206
2019-09-05 09:45:00,17.645,17.68,17.56,17.56,6854
2019-09-05 10:00:00,17.59,17.66,17.59,17.65,3283
2019-09-05 10:15:00,17.65,17.73,17.65,17.71,85514
2019-09-05 10:30:00,17.71,17.84,17.71,17.81,9477
2019-09-05 10:45:00,17.8306,17.9474,17.8273,17.9306,9140
2019-09-05 11:00:00,17.92,17.92,17.87,17.9,7617
2019-09-05 11:15:00,17.9,17.9,17.78,17.78,5887
2019-09-05 11:30:00,17.7505,17.7872,17.7172,17.7705,4085
2019-09-05 11:45:00,17.7607,17.7971,17.717,17.7307,25520
2019-09-05 12:00:00,17.69,17.77,17.69,17.75,11502
2019-09-05 12:15:00,17.76,17.8,17.7,17.7,38508
2019-09-05 12:30:00,17.7103,17.7239,17.6739,17.6753,3821
2019-09-05 12:45:00,17.675,17.675,17.64,17.655,6108
2019-09-05 13:00:00,17.66,17.66,17.65,17.66,2768
2019-09-05 13:15:00,17.65,17.66,17.65,17.66,1515
2019-09-05 13:30:00,17.6553,17.66,17.64,17.64,4670
2019-09-05 13:45:00,17.63,17.63,17.6,17.6,1967
2019-09-05 14:00:00,17.61,17.64,17.61,17.63,3130
2019-09-05 14:15:00,17.6407,17.657,17.6069,17.6107,10276
2019-09-05 14:30:00,17.62,17.64,17.62,17.62,2789
2019-09-05 14:45:00,17.625,17.63,17.61,17.62,2696
2019-09-05 15:00:00,17.63,17.66,17.62,17.66,6014
2019-09-05 15:15:00,17.66,17.68,17.65,17.68,3911
2019-09-05 15:30:00,17.67,17.69,17.67,17.6714,4218
2019-09-05 15:45:00,17.67,17.69,17.64,17.645,6592
2019-09-05 16:00:00,17.65,17.65,17.6,17.62,18825
2019-09-06 09:45:00,17.7203,17.7353,17.6453,17.6503,6185
2019-09-06 10:00:00,17.68,17.68,17.63,17.65,1054
2019-09-06 10:15:00,17.66,17.67,17.635,17.635,2171
2019-09-06 10:30:00,17.63,17.63,17.59,17.6,4001
2019-09-06 10:45:00,17.63,17.69,17.62,17.675,47274
2019-09-06 11:00:00,17.69,17.73,17.69,17.72,3444
2019-09-06 11:15:00,17.73,17.75,17.72,17.72,2989
2019-09-06 11:30:00,17.7,17.72,17.68,17.68,5858
2019-09-06 11:45:00,17.69,17.73,17.69,17.72,4044
2019-09-06 12:00:00,17.72,17.75,17.71,17.72,2816
2019-09-06 12:15:00,17.7054,17.76,17.7054,17.745,3272
2019-09-06 12:30:00,17.745,17.76,17.73,17.73,1331
2019-09-06 12:45:00,17.73,17.73,17.71,17.71,4030
2019-09-06 13:00:00,17.69,17.7,17.67,17.68,4146
2019-09-06 13:15:00,17.69,17.69,17.68,17.68,1013
2019-09-06 13:30:00,17.6956,17.7164,17.6884,17.7006,5349
2019-09-06 13:45:00,17.695,17.72,17.695,17.7086,2155
2019-09-06 14:00:00,17.71,17.74,17.7,17.74,3026
2019-09-06 14:15:00,17.73,17.745,17.725,17.73,2296
2019-09-06 14:30:00,17.72,17.72,17.7,17.71,3045
2019-09-06 14:45:00,17.7001,17.71,17.67,17.67,9293
2019-09-06 15:00:00,17.67,17.7,17.67,17.69,4042
2019-09-06 15:15:00,17.685,17.72,17.685,17.72,3234
2019-09-06 15:30:00,17.7106,17.7272,17.6972,17.7006,2686
2019-09-06 15:45:00,17.68,17.7,17.68,17.68,4719
2019-09-06 16:00:00,17.67,17.7,17.65,17.65,23303
2019-09-09 09:45:00,17.64,17.64,17.6,17.6,3939
2019-09-09 10:00:00,17.58,17.6,17.56,17.56,2338
2019-09-09 10:15:00,17.58,17.58,17.55,17.56,2535
2019-09-09 10:30:00,17.55,17.5759,17.54,17.5759,4574
2019-09-09 10:45:00,17.575,17.63,17.575,17.63,1226
2019-09-09 11:00:00,17.63,17.64,17.61,17.63,3395
2019-09-09 11:15:00,17.64,17.68,17.62,17.62,5483
2019-09-09 11:30:00,17.65,17.665,17.63,17.63,2822
2019-09-09 11:45:00,17.625,17.66,17.62,17.62,3904
2019-09-09 12:00:00,17.63,17.65,17.61,17.63,4299
2019-09-09 12:15:00,17.62,17.68,17.62,17.67,4475
2019-09-09 12:30:00,17.66,17.66,17.64,17.65,1766
2019-09-09 12:45:00,17.65,17.65,17.62,17.625,3648
2019-09-09 13:00:00,17.64,17.64,17.62,17.62,3434
2019-09-09 13:15:00,17.61,17.61,17.59,17.59,2199
2019-09-09 13:30:00,17.6,17.6,17.575,17.575,1153
2019-09-09 13:45:00,17.575,17.58,17.575,17.58,1432
2019-09-09 14:00:00,17.59,17.6,17.58,17.6,2141
2019-09-09 14:15:00,17.595,17.61,17.59,17.6,3451
2019-09-09 14:30:00,17.6,17.6,17.59,17.6,1341
2019-09-09 14:45:00,17.6,17.63,17.595,17.62,2305
2019-09-09 15:00:00,17.62,17.65,17.62,17.65,4979
2019-09-09 15:15:00,17.6503,17.6839,17.6489,17.6653,5110
2019-09-09 15:30:00,17.67,17.68,17.66,17.68,4310
2019-09-09 15:45:00,17.68,17.68,17.64,17.65,19762
2019-09-09 16:00:00,17.65,17.68,17.64,17.68,25371
2019-09-10 09:45:00,17.63,17.63,17.52,17.53,4714
2019-09-10 10:00:00,17.58,17.64,17.58,17.64,2105
2019-09-10 10:15:00,17.6,17.61,17.58,17.59,2570
2019-09-10 10:30:00,17.5906,17.6171,17.5471,17.5606,4755
2019-09-10 10:45:00,17.58,17.58,17.53,17.53,2697
2019-09-10 11:00:00,17.54,17.56,17.53,17.54,3665
2019-09-10 11:15:00,17.535,17.59,17.535,17.59,4884
2019-09-10 11:30:00,17.57,17.57,17.55,17.55,1197
2019-09-10 11:45:00,17.55,17.56,17.53,17.54,2789
2019-09-10 12:00:00,17.53,17.59,17.53,17.56,6237
2019-09-10 12:15:00,17.5705,17.597,17.567,17.5805,5169
2019-09-10 12:30:00,17.575,17.68,17.57,17.68,5343
2019-09-10 12:45:00,17.66,17.67,17.64,17.655,6849
2019-09-10 13:00:00,17.66,17.66,17.65,17.65,8050
2019-09-10 13:15:00,17.67,17.68,17.67,17.675,4585
2019-09-10 13:30:00,17.675,17.675,17.62,17.62,4203
2019-09-10 13:45:00,17.63,17.64,17.63,17.64,2975
2019-09-10 14:00:00,17.64,17.67,17.64,17.66,4880
2019-09-10 14:15:00,17.67,17.67,17.64,17.64,4191
2019-09-10 14:30:00,17.63,17.65,17.6,17.6,2740
2019-09-10 14:45:00,17.6,17.64,17.59,17.635,6759
2019-09-10 15:00:00,17.63,17.65,17.62,17.64,3833
2019-09-10 15:15:00,17.63,17.63,17.61,17.625,13477
2019-09-10 15:30:00,17.6205,17.6471,17.607,17.6105,6794
2019-09-10 15:45:00,17.61,17.62,17.6,17.615,9586
2019-09-10 16:00:00,17.62,17.68,17.62,17.68,32096
2019-09-11 09:45:00,17.6805,17.7071,17.517,17.6905,8629
2019-09-11 10:00:00,17.68,17.74,17.68,17.73,4721
2019-09-11 10:15:00,17.7,17.74,17.7,17.73,5064
2019-09-11 10:30:00,17.72,17.75,17.715,17.7498,9831
2019-09-11 10:45:00,17.75,17.78,17.71,17.71,6045
2019-09-11 11:00:00,17.72,17.77,17.72,17.77,4135
2019-09-11 11:15:00,17.785,17.79,17.77,17.77,3842
2019-09-11 11:30:00,17.7605,17.7605,17.71,17.71,4260
2019-09-11 11:45:00,17.72,17.7597,17.72,17.75,7570
2019-09-11 12:00:00,17.75,17.79,17.74,17.79,7143
2019-09-11 12:15:00,17.78,17.8144,17.78,17.79,17097
2019-09-11 12:30:00,17.79,17.8,17.78,17.78,9482
2019-09-11 12:45:00,17.78,17.88,17.78,17.88,5441
2019-09-11 13:00:00,17.85,17.89,17.85,17.89,6927
2019-09-11 13:15:00,17.89,17.89,17.85,17.86,8364
2019-09-11 13:30:00,17.86,17.88,17.85,17.85,4258
2019-09-11 13:45:00,17.87,17.87,17.85,17.86,2727
2019-09-11 14:00:00,17.87,17.89,17.86,17.89,2517
2019-09-11 14:15:00,17.8851,17.93,17.88,17.92,3007
2019-09-11 14:30:00,17.9205,17.9874,17.9173,17.9305,5292
2019-09-11 14:45:00,17.925,17.95,17.915,17.93,5775
2019-09-11 15:00:00,17.95,17.95,17.89,17.94,6706
2019-09-11 15:15:00,17.94,17.99,17.93,17.98,13512
2019-09-11 15:30:00,17.9804,18.0042,17.9741,17.9804,8169
2019-09-11 15:45:00,17.98,18,17.979,18,18900
2019-09-11 16:00:00,18,18.04,17.99,18.04,42228
2019-09-12 09:45:00,18.1204,18.1543,18.0342,18.0704,8522
2019-09-12 10:00:00,18.07,18.07,17.96,18,18066
2019-09-12 10:15:00,18.0105,18.0625,17.9674,18.0005,11026
2019-09-12 10:30:00,18.0007,18.0323,17.9972,18.0107,3739
2019-09-12 10:45:00,17.97,18.02,17.97,18,3305
2019-09-12 11:00:00,18.01,18.04,17.96,17.96,10470
2019-09-12 11:15:00,17.9504,17.9841,17.9241,17.9704,4501
2019-09-12 11:30:00,17.99,18.03,17.98,18,10474
2019-09-12 11:45:00,17.99,18.03,17.98,18.02,5769
2019-09-12 12:00:00,18.03,18.04,17.99,18,9239
2019-09-12 12:15:00,18.01,18.01,17.97,17.97,1649
2019-09-12 12:30:00,17.96,17.98,17.94,17.94,2401
2019-09-12 12:45:00,17.93,17.97,17.92,17.97,5490
2019-09-12 13:00:00,17.99,17.99,17.94,17.94,5586
2019-09-12 13:15:00,17.9606,17.9967,17.9467,17.9806,6959
2019-09-12 13:30:00,17.9505,17.9724,17.9474,17.9505,9079
2019-09-12 13:45:00,17.945,17.97,17.945,17.97,4919
2019-09-12 14:00:00,17.98,18,17.98,17.99,832
2019-09-12 14:15:00,17.98,17.99,17.94,17.95,5780
2019-09-12 14:30:00,17.97,18.01,17.96,18.01,4123
2019-09-12 14:45:00,18.0007,18.0273,17.9972,18.0057,7721
2019-09-12 15:00:00,18.01,18.03,18,18.03,6264
2019-09-12 15:15:00,18.0206,18.0375,17.9775,18.0006,8107
2019-09-12 15:30:00,18,18.04,17.995,18.02,8375
2019-09-12 15:45:00,18.02,18.05,18.005,18.04,11107
2019-09-12 16:00:00,18.04,18.07,18.03,18.04,27969
2019-09-13 09:45:00,18.0407,18.187,17.9968,18.1107,13026
2019-09-13 10:00:00,18.12,18.15,18.1,18.12,4283
2019-09-13 10:15:00,18.081,18.16,18.081,18.155,1638
2019-09-13 10:30:00,18.1406,18.1678,18.1378,18.1456,5345
2019-09-13 10:45:00,18.16,18.18,18.15,18.15,4362
2019-09-13 11:00:00,18.18,18.2,18.17,18.17,3722
2019-09-13 11:15:00,18.19,18.2,18.13,18.13,7238
2019-09-13 11:30:00,18.14,18.14,18.09,18.09,4388
2019-09-13 11:45:00,18.08,18.09,18.01,18.02,4743
2019-09-13 12:00:00,18.01,18.07,18.01,18.01,5264
2019-09-13 12:15:00,18.005,18.04,18.005,18.005,3607
2019-09-13 12:30:00,18.0205,18.0375,17.9974,18.0005,5553
2019-09-13 12:45:00,18,18.01,17.99,18.005,3614
2019-09-13 13:00:00,18,18.01,17.98,17.98,1872
2019-09-13 13:15:00,17.99,17.99,17.97,17.98,2477
2019-09-13 13:30:00,17.99,17.99,17.91,17.92,5444
2019-09-13 13:45:00,17.91,17.91,17.87,17.87,2674
2019-09-13 14:00:00,17.87,17.93,17.87,17.93,5991
2019-09-13 14:15:00,17.9306,17.9474,17.9174,17.9206,3767
2019-09-13 14:30:00,17.91,17.9319,17.9,17.9319,10012
2019-09-13 14:45:00,17.94,17.955,17.93,17.93,9162
2019-09-13 15:00:00,17.94,17.95,17.93,17.94,6768
2019-09-13 15:15:00,17.945,17.96,17.93,17.96,8695
2019-09-13 15:30:00,17.95,18,17.95,17.99,10359
2019-09-13 15:45:00,17.99,18.02,17.98,18.02,14548
2019-09-13 16:00:00,18.02,18.07,18,18.01,52144
2019-09-16 09:45:00,17.9906,18.0375,17.9274,17.9906,4463
2019-09-16 10:00:00,18.04,18.08,18.01,18.07,6872
2019-09-16 10:15:00,18.08,18.12,18.075,18.09,2290
2019-09-16 10:30:00,18.12,18.17,18.11,18.11,6318
2019-09-16 10:45:00,18.12,18.15,18.11,18.13,5567
2019-09-16 11:00:00,18.13,18.23,18.13,18.23,4778
2019-09-16 11:15:00,18.21,18.22,18.17,18.17,5124
2019-09-16 11:30:00,18.1707,18.197,18.167,18.1807,2382
2019-09-16 11:45:00,18.16,18.28,18.16,18.26,22049
2019-09-16 12:00:00,18.25,18.29,18.23,18.23,15687
2019-09-16 12:15:00,18.19,18.23,18.1802,18.23,4092
2019-09-16 12:30:00,18.2295,18.23,18.176,18.1898,4946
2019-09-16 12:45:00,18.1899,18.23,18.1899,18.21,4266
2019-09-16 13:00:00,18.23,18.23,18.18,18.2,4485
2019-09-16 13:15:00,18.21,18.25,18.21,18.25,5474
2019-09-16 13:30:00,18.25,18.25,18.21,18.21,4720
2019-09-16 13:45:00,18.195,18.22,18.19,18.19,4205
2019-09-16 14:00:00,18.19,18.19,18.15,18.17,4971
2019-09-16 14:15:00,18.17,18.19,18.15,18.165,4223
2019-09-16 14:30:00,18.16,18.17,18.15,18.17,1772
2019-09-16 14:45:00,18.1504,18.1743,18.1243,18.1604,7627
2019-09-16 15:00:00,18.16,18.18,18.15,18.18,7545
2019-09-16 15:15:00,18.18,18.19,18.17,18.19,6068
2019-09-16 15:30:00,18.1908,18.2075,18.1875,18.1908,5548
2019-09-16 15:45:00,18.17,18.17,18.13,18.13,7212
2019-09-16 16:00:00,18.15,18.17,18.14,18.14,26207
2019-09-17 09:45:00,18.1,18.255,18.1,18.23,6430
2019-09-17 10:00:00,18.23,18.25,18.17,18.25,2689
2019-09-17 10:15:00,18.22,18.24,18.215,18.215,1057
2019-09-17 10:30:00,18.215,18.22,18.19,18.19,4689
2019-09-17 10:45:00,18.2106,18.2279,18.1778,18.2006,945
2019-09-17 11:00:00,18.2,18.34,18.17,18.34,32592
2019-09-17 11:15:00,18.3308,18.3877,18.3126,18.3233,7576
2019-09-17 11:30:00,18.3107,18.327,18.277,18.3057,7716
2019-09-17 11:45:00,18.31,18.37,18.31,18.37,4242
2019-09-17 12:00:00,18.38,18.38,18.34,18.35,52519
2019-09-17 12:15:00,18.36,18.37,18.35,18.36,2989
2019-09-17 12:30:00,18.35,18.36,18.27,18.27,9715
2019-09-17 12:45:00,18.2605,18.3077,18.2377,18.2405,2613
2019-09-17 13:00:00,18.27,18.28,18.25,18.25,2786
2019-09-17 13:15:00,18.25,18.26,18.24,18.25,1745
2019-09-17 13:30:00,18.245,18.26,18.21,18.22,12165
2019-09-17 13:45:00,18.22,18.26,18.22,18.25,2417
2019-09-17 14:00:00,18.27,18.29,18.24,18.27,3888
2019-09-17 14:15:00,18.28,18.3,18.26,18.2602,4391
2019-09-17 14:30:00,18.2808,18.2976,18.2475,18.2508,1930
2019-09-17 14:45:00,18.23,18.28,18.23,18.28,4096
2019-09-17 15:00:00,18.27,18.29,18.27,18.29,3035
2019-09-17 15:15:00,18.29,18.29,18.26,18.27,15439
2019-09-17 15:30:00,18.265,18.29,18.26,18.285,4767
2019-09-17 15:45:00,18.287,18.312,18.2569,18.2607,33703
2019-09-17 16:00:00,18.26,18.28,18.25,18.28,30060
2019-09-18 09:45:00,18.39,18.39,18.35,18.35,4037
2019-09-18 10:00:00,18.37,18.4,18.28,18.31,5931
2019-09-18 10:15:00,18.3108,18.3426,18.2525,18.2608,5461
2019-09-18 10:30:00,18.24,18.2628,18.23,18.23,4609
2019-09-18 10:45:00,18.24,18.24,18.2,18.2,2789
2019-09-18 11:00:00,18.19,18.27,18.19,18.24,7730
2019-09-18 11:15:00,18.23,18.27,18.23,18.26,2018
2019-09-18 11:30:00,18.27,18.28,18.27,18.27,2748
2019-09-18 11:45:00,18.27,18.28,18.27,18.28,2181
2019-09-18 12:00:00,18.28,18.34,18.27,18.33,17139
2019-09-18 12:15:00,18.34,18.35,18.32,18.32,5116
2019-09-18 12:30:00,18.3206,18.3478,18.2978,18.3006,5121
2019-09-18 12:45:00,18.3,18.31,18.3,18.3,2347
2019-09-18 13:00:00,18.3,18.31,18.3,18.3,2253
2019-09-18 13:15:00,18.305,18.31,18.2987,18.2987,5092
2019-09-18 13:30:00,18.31,18.34,18.31,18.34,3982
2019-09-18 13:45:00,18.3407,18.3672,18.3372,18.3407,6233
2019-09-18 14:00:00,18.34,18.4,18.34,18.4,6009
2019-09-18 14:15:00,18.3905,18.4078,18.3277,18.3505,6553
2019-09-18 14:30:00,18.3507,18.3676,18.2675,18.2757,11664
2019-09-18 14:45:00,18.28,18.28,18.22,18.22,9898
2019-09-18 15:00:00,18.21,18.24,18.18,18.23,5050
2019-09-18 15:15:00,18.2404,18.2844,18.2143,18.2604,8836
2019-09-18 15:30:00,18.28,18.305,18.28,18.305,6694
2019-09-18 15:45:00,18.3,18.32,18.28,18.28,12262
2019-09-18 16:00:00,18.29,18.3,18.25,18.27,41639
2019-09-19 09:45:00,18.34,18.41,18.34,18.39,3706
2019-09-19 10:00:00,18.38,18.41,18.33,18.35,6774
2019-09-19 10:15:00,18.3407,18.3976,18.3275,18.3507,6513
2019-09-19 10:30:00,18.3703,18.4059,18.3659,18.3903,7497
2019-09-19 10:45:00,18.3655,18.3828,18.3378,18.3605,7087
2019-09-19 11:00:00,18.36,18.37,18.35,18.36,6245
2019-09-19 11:15:00,18.355,18.39,18.35,18.39,4579
2019-09-19 11:30:00,18.38,18.385,18.36,18.37,6982
2019-09-19 11:45:00,18.37,18.39,18.35,18.355,6500
2019-09-19 12:00:00,18.36,18.38,18.36,18.38,10973
2019-09-19 12:15:00,18.375,18.39,18.36,18.36,6151
2019-09-19 12:30:00,18.36,18.37,18.355,18.37,2238
2019-09-19 12:45:00,18.3607,18.3772,18.3472,18.3507,1871
2019-09-19 13:00:00,18.35,18.36,18.35,18.36,1493
2019-09-19 13:15:00,18.355,18.36,18.32,18.32,4477
2019-09-19 13:30:00,18.315,18.33,18.315,18.32,2672
2019-09-19 13:45:00,18.31,18.33,18.31,18.33,7520
2019-09-19 14:00:00,18.34,18.35,18.32,18.32,2662
2019-09-19 14:15:00,18.3254,18.3394,18.3144,18.3154,2597
2019-09-19 14:30:00,18.31,18.33,18.31,18.325,2760
2019-09-19 14:45:00,18.325,18.34,18.32,18.34,4852
2019-09-19 15:00:00,18.34,18.34,18.31,18.31,4721
2019-09-19 15:15:00,18.32,18.33,18.315,18.325,3260
2019-09-19 15:30:00,18.325,18.35,18.32,18.335,6725
2019-09-19 15:45:00,18.3356,18.3679,18.3278,18.3306,9105
2019-09-19 16:00:00,18.34,18.34,18.32,18.33,42949
2019-09-20 09:45:00,18.3,18.42,18.3,18.3624,92756
2019-09-20 10:00:00,18.37,18.43,18.37,18.43,4878
2019-09-20 10:15:00,18.43,18.45,18.37,18.42,119245
2019-09-20 10:30:00,18.4008,18.4177,18.3877,18.3908,6715
2019-09-20 10:45:00,18.3771,18.3936,18.3522,18.3607,33192
2019-09-20 11:00:00,18.35,18.4,18.35,18.38,13440
2019-09-20 11:15:00,18.38,18.39,18.35,18.35,6469
2019-09-20 11:30:00,18.36,18.37,18.34,18.35,3619
2019-09-20 11:45:00,18.37,18.39,18.36,18.38,6761
2019-09-20 12:00:00,18.38,18.43,18.38,18.4,19302
2019-09-20 12:15:00,18.4,18.41,18.39,18.4,4871
2019-09-20 12:30:00,18.41,18.42,18.41,18.41,3962
2019-09-20 12:45:00,18.41,18.42,18.4,18.4,2065
2019-09-20 13:00:00,18.41,18.42,18.41,18.41,1243
2019-09-20 13:15:00,18.41,18.41,18.37,18.37,8268
2019-09-20 13:30:00,18.35,18.38,18.31,18.36,37472
2019-09-20 13:45:00,18.34,18.37,18.34,18.37,8133
2019-09-20 14:00:00,18.37,18.38,18.34,18.35,8034
2019-09-20 14:15:00,18.35,18.36,18.31,18.31,5530
2019-09-20 14:30:00,18.32,18.33,18.31,18.32,2141
2019-09-20 14:45:00,18.32,18.33,18.31,18.33,2836
2019-09-20 15:00:00,18.32,18.33,18.31,18.33,7260
2019-09-20 15:15:00,18.33,18.37,18.33,18.35,10623
2019-09-20 15:30:00,18.35,18.375,18.35,18.35,6254
2019-09-20 15:45:00,18.35,18.38,18.35,18.36,20749
2019-09-20 16:00:00,18.36,18.39,18.3,18.3,79501
2019-09-23 09:45:00,18.2707,18.287,18.1569,18.2687,13314
2019-09-23 10:00:00,18.25,18.26,18.2,18.2,58348
2019-09-23 10:15:00,18.2,18.31,18.19,18.295,18278
2019-09-23 10:30:00,18.3,18.3,18.25,18.26,10259
2019-09-23 10:45:00,18.2706,18.2978,18.2678,18.2705,7811
2019-09-23 11:00:00,18.26,18.27,18.25,18.27,9849
2019-09-23 11:15:00,18.27,18.29,18.26,18.26,20812
2019-09-23 11:30:00,18.27,18.28,18.27,18.27,6634
2019-09-23 11:45:00,18.28,18.34,18.28,18.28,43505
2019-09-23 12:00:00,18.27,18.3,18.27,18.3,3765
2019-09-23 12:15:00,18.3,18.3894,18.29,18.38,16227
2019-09-23 12:30:00,18.3704,18.3845,18.3344,18.3404,7332
2019-09-23 12:45:00,18.35,18.35,18.32,18.32,5867
2019-09-23 13:00:00,18.32,18.34,18.3,18.34,3863
2019-09-23 13:15:00,18.34,18.34,18.32,18.32,612
2019-09-23 13:30:00,18.32,18.33,18.31,18.33,6145
2019-09-23 13:45:00,18.33,18.33,18.32,18.32,2868
2019-09-23 14:00:00,18.32,18.33,18.31,18.32,5805
2019-09-23 14:15:00,18.31,18.32,18.26,18.26,11398
2019-09-23 14:30:00,18.26,18.28,18.26,18.28,2958
2019-09-23 14:45:00,18.27,18.27,18.26,18.27,1818
2019-09-23 15:00:00,18.26,18.26,18.2,18.22,18600
2019-09-23 15:15:00,18.23,18.25,18.23,18.25,4704
2019-09-23 15:30:00,18.25,18.26,18.23,18.23,8964
2019-09-23 15:45:00,18.25,18.25,18.23,18.245,8521
2019-09-23 16:00:00,18.25,18.26,18.22,18.24,64466
2019-09-24 09:45:00,18.1003,18.1157,17.9655,18.0903,6735
2019-09-24 10:00:00,18.1,18.1,18.05,18.07,4586
2019-09-24 10:15:00,18.07,18.07,18.02,18.02,4111
2019-09-24 10:30:00,18.04,18.05,17.9613,17.9613,8456
2019-09-24 10:45:00,17.96,18,17.96,17.96,3883
2019-09-24 11:00:00,17.96,17.99,17.95,17.95,5572
2019-09-24 11:15:00,17.94,17.97,17.94,17.96,4861
2019-09-24 11:30:00,17.9511,17.96,17.92,17.9404,3475
2019-09-24 11:45:00,17.9207,17.9422,17.8171,17.8207,34917
2019-09-24 12:00:00,17.84,17.86,17.83,17.86,7261
2019-09-24 12:15:00,17.85,17.92,17.85,17.88,8130
2019-09-24 12:30:00,17.88,17.89,17.79,17.79,9200
2019-09-24 12:45:00,17.8006,17.8275,17.7974,17.8106,3404
2019-09-24 13:00:00,17.81,17.83,17.78,17.78,5819
2019-09-24 13:15:00,17.79,17.81,17.79,17.79,5465
2019-09-24 13:30:00,17.8,17.8,17.785,17.79,2992
2019-09-24 13:45:00,17.795,17.82,17.79,17.82,3555
2019-09-24 14:00:00,17.82,17.875,17.82,17.85,4932
2019-09-24 14:15:00,17.8507,17.8971,17.8371,17.8707,12265
2019-09-24 14:30:00,17.88,17.94,17.8633,17.8633,15609
2019-09-24 14:45:00,17.8905,17.9173,17.8773,17.8905,6529
2019-09-24 15:00:00,17.89,17.89,17.87,17.88,4589
2019-09-24 15:15:00,17.9006,17.91,17.86,17.8906,9022
2019-09-24 15:30:00,17.88,17.88,17.83,17.84,3669
2019-09-24 15:45:00,17.83,17.88,17.825,17.88,11115
2019-09-24 16:00:00,17.87,17.95,17.87,17.94,46153
2019-09-25 09:45:00,17.92,17.99,17.92,17.98,7566
2019-09-25 10:00:00,17.98,17.99,17.9,17.9,6377
2019-09-25 10:15:00,17.93,17.98,17.92,17.95,5936
2019-09-25 10:30:00,17.95,17.95,17.92,17.93,1677
2019-09-25 10:45:00,17.95,17.96,17.925,17.93,3781
2019-09-25 11:00:00,17.94,17.94,17.925,17.94,4754
2019-09-25 11:15:00,17.94,17.95,17.91,17.91,3101
2019-09-25 11:30:00,17.92,17.92,17.88,17.88,4583
2019-09-25 11:45:00,17.87,17.88,17.86,17.865,2177
2019-09-25 12:00:00,17.87,17.87,17.83,17.86,4878
2019-09-25 12:15:00,17.86,17.91,17.86,17.865,6852
2019-09-25 12:30:00,17.865,17.93,17.865,17.93,5823
2019-09-25 12:45:00,17.95,17.96,17.945,17.95,13948
2019-09-25 13:00:00,17.96,17.97,17.945,17.95,6929
2019-09-25 13:15:00,17.945,18,17.945,17.9915,5623
2019-09-25 13:30:00,18,18,17.98,17.98,3761
2019-09-25 13:45:00,17.985,17.99,17.98,17.985,1759
2019-09-25 14:00:00,17.99,18,17.99,17.99,5709
2019-09-25 14:15:00,17.99,18,17.98,18,4582
2019-09-25 14:30:00,18,18,17.98,17.99,3495
2019-09-25 14:45:00,17.9804,18.0042,17.9741,17.9904,4926
2019-09-25 15:00:00,17.99,18.01,17.97,17.99,11262
2019-09-25 15:15:00,17.99,17.99,17.95,17.96,8260
2019-09-25 15:30:00,17.97,17.97,17.95,17.96,8025
2019-09-25 15:45:00,17.98,17.99,17.955,17.96,8837
2019-09-25 16:00:00,17.96,17.97,17.94,17.95,18603
2019-09-26 09:45:00,17.9608,18.02,17.91,17.9608,7329
2019-09-26 10:00:00,17.99,17.99,17.91,17.99,4642
2019-09-26 10:15:00,17.9606,17.9775,17.9274,17.9306,2945
2019-09-26 10:30:00,17.92,17.98,17.91,17.975,12322
2019-09-26 10:45:00,17.98,18,17.94,17.94,6054
2019-09-26 11:00:00,17.96,17.96,17.91,17.96,8226
2019-09-26 11:15:00,17.9608,17.97,17.94,17.9641,5920
2019-09-26 11:30:00,17.9508,17.9669,17.9366,17.9456,3525
2019-09-26 11:45:00,17.96,18,17.96,18,2229
2019-09-26 12:00:00,18.01,18.01,17.97,18,11196
2019-09-26 12:15:00,18,18.05,18,18.03,11191
2019-09-26 12:30:00,18.0203,18.0356,18.0056,18.0103,9923
2019-09-26 12:45:00,18,18,17.985,17.985,4239
2019-09-26 13:00:00,17.99,17.99,17.98,17.99,1251
2019-09-26 13:15:00,18,18.01,17.99,18.005,11823
2019-09-26 13:30:00,18.0006,18.0175,17.9875,17.9906,5634
2019-09-26 13:45:00,17.99,18.01,17.98,18.0031,4674
2019-09-26 14:00:00,18,18.03,17.99,18.03,11816
2019-09-26 14:15:00,18.025,18.05,18,18.01,53206
2019-09-26 14:30:00,18.01,18.015,17.99,18,12404
2019-09-26 14:45:00,18,18.01,17.99,18.005,25387
2019-09-26 15:00:00,18,18.02,17.99,18.02,62468
2019-09-26 15:15:00,18.015,18.03,18.015,18.025,15477
2019-09-26 15:30:00,18.0257,18.035,17.995,18.0307,61320
2019-09-26 15:45:00,18.0256,18.0417,17.9967,18.0056,23234
2019-09-26 16:00:00,18,18.01,17.97,18,48678
2019-09-27 09:45:00,18.11,18.14,17.98,17.99,15871
2019-09-27 10:00:00,17.98,18.01,17.96,18,6287
2019-09-27 10:15:00,17.9908,18.03,17.965,17.9908,123387
2019-09-27 10:30:00,18,18.05,17.99,18.03,121347
2019-09-27 10:45:00,18.04,18.08,18.04,18.07,6822
2019-09-27 11:00:00,18.06,18.07,18.05,18.06,20900
2019-09-27 11:15:00,18.0507,18.0673,18.0072,18.0457,24212
2019-09-27 11:30:00,18.045,18.06,18.04,18.055,10723
2019-09-27 11:45:00,18.055,18.06,17.96,17.96,12534
2019-09-27 12:00:00,17.97,17.98,17.95,17.95,12329
2019-09-27 12:15:00,17.95,17.97,17.945,17.9671,8506
2019-09-27 12:30:00,17.9706,17.9875,17.9074,17.9256,9787
2019-09-27 12:45:00,17.925,17.945,17.92,17.93,4855
2019-09-27 13:00:00,17.92,17.92,17.88,17.88,13109
2019-09-27 13:15:00,17.88,18,17.88,18,20763
2019-09-27 13:30:00,17.995,18,17.95,17.95,6467
2019-09-27 13:45:00,17.95,17.96,17.95,17.95,5277
2019-09-27 14:00:00,17.96,17.98,17.94,17.98,6596
2019-09-27 14:15:00,17.98,17.98,17.95,17.95,5432
2019-09-27 14:30:00,17.95,17.97,17.94,17.94,5681
2019-09-27 14:45:00,17.9356,17.9517,17.9116,17.9156,4787
2019-09-27 15:00:00,17.91,17.91,17.825,17.86,10662
2019-09-27 15:15:00,17.86,17.88,17.86,17.86,8176
2019-09-27 15:30:00,17.86,17.88,17.86,17.87,8935
2019-09-27 15:45:00,17.87,17.95,17.87,17.95,6705
2019-09-27 16:00:00,17.95,17.99,17.95,17.99,38597
2019-09-30 09:45:00,18,18.09,18,18.09,9491
2019-09-30 10:00:00,18.09,18.125,18.07,18.07,9146
2019-09-30 10:15:00,18.07,18.08,18.015,18.015,5892
2019-09-30 10:30:00,18,18.01,17.985,17.99,18358
2019-09-30 10:45:00,18,18,17.98,17.99,2758
2019-09-30 11:00:00,18,18.1,18,18.1,7734
2019-09-30 11:15:00,18.1,18.12,18.08,18.085,4810
2019-09-30 11:30:00,18.1006,18.1178,18.0777,18.0906,12235
2019-09-30 11:45:00,18.09,18.145,18.08,18.14,7663
2019-09-30 12:00:00,18.15,18.15,18.11,18.11,21430
2019-09-30 12:15:00,18.12,18.15,18.12,18.145,6244
2019-09-30 12:30:00,18.15,18.19,18.14,18.14,20504
2019-09-30 12:45:00,18.1356,18.1577,18.1176,18.1406,10129
2019-09-30 13:00:00,18.14,18.15,18.135,18.15,6940
2019-09-30 13:15:00,18.145,18.145,18.12,18.12,3876
2019-09-30 13:30:00,18.12,18.12,18.115,18.115,2524
2019-09-30 13:45:00,18.1208,18.1374,18.1074,18.1208,7929
2019-09-30 14:00:00,18.12,18.12,18.09,18.1,6581
2019-09-30 14:15:00,18.1,18.11,18.095,18.1,2596
2019-09-30 14:30:00,18.11,18.11,18.1,18.1,6602
2019-09-30 14:45:00,18.1,18.12,18.1,18.11,7153
2019-09-30 15:00:00,18.12,18.12,18.095,18.1,5465
2019-09-30 15:15:00,18.1,18.12,18.095,18.12,4312
2019-09-30 15:30:00,18.115,18.12,18.1,18.1,7780
2019-09-30 15:45:00,18.11,18.11,18.09,18.095,15398
2019-09-30 16:00:00,18.1,18.13,18.08,18.09,69051
2019-10-01 09:45:00,18.13,18.16,18.05,18.05,8244
2019-10-01 10:00:00,18.08,18.08,18.015,18.06,10693
2019-10-01 10:15:00,18.0405,18.07,17.92,17.9605,49190
2019-10-01 10:30:00,17.97,18.095,17.955,18.095,6606
2019-10-01 10:45:00,18.075,18.1,18.06,18.0999,5413
2019-10-01 11:00:00,18.1,18.11,18.085,18.1,5088
2019-10-01 11:15:00,18.09,18.15,18.09,18.12,4937
2019-10-01 11:30:00,18.11,18.16,18.1,18.13,5794
2019-10-01 11:45:00,18.1403,18.16,18.12,18.1303,7893
2019-10-01 12:00:00,18.13,18.13,18.09,18.12,4067
2019-10-01 12:15:00,18.12,18.12,18.09,18.09,11664
2019-10-01 12:30:00,18.09,18.1,18.06,18.09,7590
2019-10-01 12:45:00,18.1,18.13,18.1,18.13,3165
2019-10-01 13:00:00,18.12,18.12,18.08,18.08,6111
2019-10-01 13:15:00,18.08,18.08,18.02,18.03,5406
2019-10-01 13:30:00,18.0343,18.0343,17.98,17.98,4801
2019-10-01 13:45:00,17.99,18,17.97,17.98,5339
2019-10-01 14:00:00,17.97,17.98,17.95,17.97,3752
2019-10-01 14:15:00,17.9703,18.0256,17.9555,18.0103,6578
2019-10-01 14:30:00,18.01,18.01,17.96,17.96,4036
2019-10-01 14:45:00,17.96,18.01,17.96,17.96,15701
2019-10-01 15:00:00,17.97,17.99,17.96,17.96,5468
2019-10-01 15:15:00,17.97,17.98,17.95,17.96,11042
2019-10-01 15:30:00,17.96,18.005,17.96,17.98,7382
2019-10-01 15:45:00,17.9906,18.0177,17.9776,18.0006,18884
2019-10-01 16:00:00,17.99,18,17.975,18,44800
2019-10-02 09:45:00,17.9807,18,17.85,17.9357,15614
2019-10-02 10:00:00,17.91,18,17.91,17.99,13932
2019-10-02 10:15:00,17.99,18,17.97,17.98,12736
2019-10-02 10:30:00,17.9956,18.0177,17.9626,17.9706,21007
2019-10-02 10:45:00,17.9703,17.99,17.96,17.9703,6270
2019-10-02 11:00:00,17.95,17.97,17.92,17.95,3166
2019-10-02 11:15:00,17.95,18,17.95,18,7797
2019-10-02 11:30:00,18,18.01,17.97,17.98,15480
2019-10-02 11:45:00,17.97,17.9701,17.955,17.96,12965
2019-10-02 12:00:00,17.96,17.98,17.935,17.98,24009
2019-10-02 12:15:00,17.985,18.03,17.98,17.995,14392
2019-10-02 12:30:00,17.99,17.995,17.98,17.995,3516
2019-10-02 12:45:00,18,18,17.98,17.985,3320
2019-10-02 13:00:00,17.99,17.99,17.97,17.99,3854
2019-10-02 13:15:00,18.0003,18.0656,17.9956,18.0503,19676
2019-10-02 13:30:00,18.05,18.05,18.005,18.015,11135
2019-10-02 13:45:00,18.015,18.0371,18.01,18.03,10031
2019-10-02 14:00:00,18.02,18.02,18.015,18.02,17347
2019-10-02 14:15:00,18.02,18.05,18.02,18.04,20293
2019-10-02 14:30:00,18.0401,18.09,18.04,18.083,29594
2019-10-02 14:45:00,18.09,18.095,18.05,18.06,21599
2019-10-02 15:00:00,18.06,18.06,18,18.04,26014
2019-10-02 15:15:00,18.0408,18.1174,18.0173,18.0908,28546
2019-10-02 15:30:00,18.09,18.09,18.06,18.065,9519
2019-10-02 15:45:00,18.07,18.09,18.045,18.09,14936
2019-10-02 16:00:00,18.09,18.09,18.05,18.08,81614
2019-10-03 09:45:00,18.1307,18.1869,18.0768,18.1707,15162
2019-10-03 10:00:00,18.2,18.2027,18.1,18.1,9106
2019-10-03 10:15:00,18.08,18.085,17.995,18,4569
2019-10-03 10:30:00,18.0132,18.2,18,18.19,12133
2019-10-03 10:45:00,18.2,18.3,18.2,18.29,17896
2019-10-03 11:00:00,18.28,18.28,18.17,18.2,11228
2019-10-03 11:15:00,18.19,18.22,18.19,18.2,4742
2019-10-03 11:30:00,18.22,18.22,18.15,18.15,10952
2019-10-03 11:45:00,18.1508,18.1675,18.1074,18.1308,5335
2019-10-03 12:00:00,18.13,18.16,18.12,18.13,9543
2019-10-03 12:15:00,18.13,18.185,18.12,18.181,8843
2019-10-03 12:30:00,18.1804,18.1943,18.1443,18.1754,6757
2019-10-03 12:45:00,18.18,18.2,18.18,18.18,3372
2019-10-03 13:00:00,18.18,18.18,18.14,18.14,11237
2019-10-03 13:15:00,18.14,18.14,18.12,18.13,6611
2019-10-03 13:30:00,18.13,18.145,18.12,18.13,5356
2019-10-03 13:45:00,18.1306,18.17,18.12,18.1656,9443
2019-10-03 14:00:00,18.17,18.19,18.16,18.16,5659
2019-10-03 14:15:00,18.15,18.16,18.15,18.15,5795
2019-10-03 14:30:00,18.15,18.15,18.12,18.12,5612
2019-10-03 14:45:00,18.12,18.13,18.1,18.1,5581
2019-10-03 15:00:00,18.11,18.12,18.1,18.12,11965
2019-10-03 15:15:00,18.12,18.13,18.11,18.125,5210
2019-10-03 15:30:00,18.12,18.14,18.12,18.135,4925
2019-10-03 15:45:00,18.13,18.13,18.1,18.11,14206
2019-10-03 16:00:00,18.11,18.17,18.1,18.17,36520
2019-10-04 09:45:00,18.17,18.23,18.17,18.22,2859
2019-10-04 10:00:00,18.22,18.22,18.19,18.19,3335
2019-10-04 10:15:00,18.2098,18.22,18.11,18.11,23470
2019-10-04 10:30:00,18.15,18.24,18.15,18.23,3967
2019-10-04 10:45:00,18.2308,18.2475,18.2075,18.2108,11637
2019-10-04 11:00:00,18.21,18.22,18.21,18.22,4962
2019-10-04 11:15:00,18.21,18.25,18.2,18.25,13188
2019-10-04 11:30:00,18.255,18.27,18.255,18.265,6118
2019-10-04 11:45:00,18.265,18.29,18.265,18.28,4732
2019-10-04 12:00:00,18.29,18.29,18.26,18.27,7340
2019-10-04 12:15:00,18.27,18.27,18.22,18.22,9113
2019-10-04 12:30:00,18.22,18.25,18.21,18.25,4421
2019-10-04 12:45:00,18.26,18.28,18.2501,18.26,10505
2019-10-04 13:00:00,18.27,18.28,18.26,18.26,3585
2019-10-04 13:15:00,18.25,18.255,18.24,18.255,6291
2019-10-04 13:30:00,18.26,18.29,18.26,18.29,3759
2019-10-04 13:45:00,18.2986,18.3,18.28,18.29,6453
2019-10-04 14:00:00,18.3,18.3,18.295,18.3,5774
2019-10-04 14:15:00,18.295,18.3,18.26,18.27,11854
2019-10-04 14:30:00,18.265,18.28,18.265,18.28,3272
2019-10-04 14:45:00,18.28,18.28,18.26,18.27,4570
2019-10-04 15:00:00,18.27,18.27,18.23,18.24,5501
2019-10-04 15:15:00,18.24,18.25,18.24,18.25,5193
2019-10-04 15:30:00,18.2506,18.26,18.22,18.2406,7295
2019-10-04 15:45:00,18.24,18.27,18.24,18.265,10289
2019-10-04 16:00:00,18.27,18.3,18.25,18.3,68451
2019-10-07 09:45:00,18.1407,18.17,18.14,18.1407,7538
2019-10-07 10:00:00,18.2,18.23,18.19,18.2,7105
2019-10-07 10:15:00,18.2108,18.2976,18.2075,18.2808,12974
2019-10-07 10:30:00,18.2807,18.29,18.27,18.2707,7751
2019-10-07 10:45:00,18.28,18.32,18.28,18.32,8500
2019-10-07 11:00:00,18.3,18.36,18.3,18.36,18210
2019-10-07 11:15:00,18.3557,18.3726,18.2775,18.3007,8875
2019-10-07 11:30:00,18.285,18.31,18.27,18.29,8238
2019-10-07 11:45:00,18.28,18.31,18.275,18.3,7062
2019-10-07 12:00:00,18.29,18.33,18.29,18.33,6341
2019-10-07 12:15:00,18.32,18.34,18.31,18.33,7853
2019-10-07 12:30:00,18.33,18.33,18.31,18.315,9878
2019-10-07 12:45:00,18.3104,18.3344,18.2994,18.3204,4240
2019-10-07 13:00:00,18.32,18.35,18.31,18.33,4991
2019-10-07 13:15:00,18.34,18.34,18.31,18.31,3745
2019-10-07 13:30:00,18.31,18.32,18.3,18.32,3273
2019-10-07 13:45:00,18.315,18.36,18.315,18.36,19359
2019-10-07 14:00:00,18.36,18.37,18.36,18.36,7991
2019-10-07 14:15:00,18.3555,18.3728,18.3227,18.3305,10019
2019-10-07 14:30:00,18.33,18.35,18.33,18.35,3135
2019-10-07 14:45:00,18.3457,18.362,18.317,18.3307,7027
2019-10-07 15:00:00,18.33,18.35,18.33,18.35,3597
2019-10-07 15:15:00,18.3504,18.3644,18.3144,18.3204,9475
2019-10-07 15:30:00,18.32,18.33,18.31,18.33,6619
2019-10-07 15:45:00,18.3253,18.3409,18.2458,18.2703,11669
2019-10-07 16:00:00,18.28,18.33,18.28,18.3,37247
