"times","real_lower_band","real_middle_band","real_upper_band","symbol"
"2019-10-09 16:00:00",217.9265,224.5308,231.1351,"AAPL"
"2019-10-09 15:45:00",217.9109,224.5109,231.1108,"AAPL"
"2019-10-09 15:30:00",217.8948,224.4867,231.0785,"AAPL"
"2019-10-09 15:15:00",217.8695,224.4582,231.0468,"AAPL"
"2019-10-09 15:00:00",217.844,224.4307,231.0174,"AAPL"
"2019-10-09 14:45:00",217.8192,224.4035,230.9878,"AAPL"
"2019-10-09 14:30:00",217.7924,224.3773,230.9622,"AAPL"
"2019-10-09 14:15:00",217.7651,224.3512,230.9374,"AAPL"
"2019-10-09 14:00:00",217.7327,224.3233,230.9139,"AAPL"
"2019-10-09 13:45:00",217.6548,224.2819,230.909,"AAPL"
"2019-10-09 13:30:00",217.5679,224.2393,230.9106,"AAPL"
"2019-10-09 13:15:00",217.4749,224.1935,230.9121,"AAPL"
"2019-10-09 13:00:00",217.3737,224.1453,230.9169,"AAPL"
"2019-10-09 12:45:00",217.2842,224.0995,230.9149,"AAPL"
"2019-10-09 12:30:00",217.2004,224.0562,230.9121,"AAPL"
"2019-10-09 12:15:00",217.1225,224.0139,230.9054,"AAPL"
"2019-10-09 12:00:00",217.0504,223.9734,230.8963,"AAPL"
"2019-10-09 11:45:00",216.9804,223.9337,230.8869,"AAPL"
"2019-10-09 11:30:00",216.9041,223.8956,230.8871,"AAPL"
"2019-10-09 11:15:00",216.8335,223.8594,230.8853,"AAPL"
"2019-10-09 11:00:00",216.7566,223.8202,230.8837,"AAPL"
"2019-10-09 10:45:00",216.6983,223.7849,230.8716,"AAPL"
"2019-10-09 10:30:00",216.6424,223.7492,230.856,"AAPL"
"2019-10-09 10:15:00",216.5966,223.7181,230.8397,"AAPL"
"2019-10-09 10:00:00",216.551,223.6857,230.8204,"AAPL"
"2019-10-09 09:45:00",216.4905,223.6458,230.8011,"AAPL"
"2019-10-08 16:00:00",216.4584,223.6125,230.7665,"AAPL"
"2019-10-08 15:45:00",216.4248,223.5879,230.7509,"AAPL"
"2019-10-08 15:30:00",216.3909,223.5597,230.7286,"AAPL"
"2019-10-08 15:15:00",216.3514,223.5313,230.7112,"AAPL"
"2019-10-08 15:00:00",216.3142,223.5004,230.6867,"AAPL"
"2019-10-08 14:45:00",216.2834,223.4645,230.6455,"AAPL"
"2019-10-08 14:30:00",216.2502,223.4325,230.6147,"AAPL"
"2019-10-08 14:15:00",216.2225,223.4009,230.5794,"AAPL"
"2019-10-08 14:00:00",216.197,223.3689,230.5408,"AAPL"
"2019-10-08 13:45:00",216.1714,223.3334,230.4954,"AAPL"
"2019-10-08 13:30:00",216.1461,223.3003,230.4545,"AAPL"
"2019-10-08 13:15:00",216.1154,223.2674,230.4194,"AAPL"
"2019-10-08 13:00:00",216.0846,223.2339,230.3831,"AAPL"
"2019-10-08 12:45:00",216.057,223.2029,230.3488,"AAPL"
"2019-10-08 12:30:00",216.0274,223.1738,230.3203,"AAPL"
"2019-10-08 12:15:00",216.0009,223.1467,230.2925,"AAPL"
"2019-10-08 12:00:00",215.9711,223.117,230.2628,"AAPL"
"2019-10-08 11:45:00",215.94,223.0876,230.2353,"AAPL"
"2019-10-08 11:30:00",215.9054,223.0577,230.2099,"AAPL"
"2019-10-08 11:15:00",215.8748,223.0276,230.1803,"AAPL"
"2019-10-08 11:00:00",215.8438,222.9957,230.1475,"AAPL"
"2019-10-08 10:45:00",215.815,222.9637,230.1124,"AAPL"
"2019-10-08 10:30:00",215.7888,222.934,230.0793,"AAPL"
"2019-10-08 10:15:00",215.7609,222.9049,230.049,"AAPL"
"2019-10-08 10:00:00",215.7319,222.8756,230.0194,"AAPL"
"2019-10-08 09:45:00",215.7056,222.8437,229.9818,"AAPL"
"2019-10-07 16:00:00",215.6717,222.8123,229.9528,"AAPL"
"2019-10-07 15:45:00",215.6507,222.774,229.8972,"AAPL"
"2019-10-07 15:30:00",215.6379,222.735,229.8322,"AAPL"
"2019-10-07 15:15:00",215.6265,222.6958,229.7651,"AAPL"
"2019-10-07 15:00:00",215.6107,222.6583,229.7059,"AAPL"
"2019-10-07 14:45:00",215.5946,222.6166,229.6386,"AAPL"
"2019-10-07 14:30:00",215.5843,222.5693,229.5544,"AAPL"
"2019-10-07 14:15:00",215.574,222.5219,229.4698,"AAPL"
"2019-10-07 14:00:00",215.5898,222.4706,229.3514,"AAPL"
"2019-10-07 13:45:00",215.6218,222.4291,229.2364,"AAPL"
"2019-10-07 13:30:00",215.6392,222.3906,229.142,"AAPL"
"2019-10-07 13:15:00",215.6616,222.3518,229.0419,"AAPL"
"2019-10-07 13:00:00",215.6875,222.3076,228.9276,"AAPL"
"2019-10-07 12:45:00",215.7107,222.2621,228.8134,"AAPL"
"2019-10-07 12:30:00",215.7303,222.2183,228.7064,"AAPL"
"2019-10-07 12:15:00",215.7544,222.1768,228.5991,"AAPL"
"2019-10-07 12:00:00",215.7883,222.1323,228.4762,"AAPL"
"2019-10-07 11:45:00",215.8161,222.087,228.3579,"AAPL"
"2019-10-07 11:30:00",215.8392,222.043,228.2469,"AAPL"
"2019-10-07 11:15:00",215.868,222.0002,228.1324,"AAPL"
"2019-10-07 11:00:00",215.8965,221.9569,228.0172,"AAPL"
"2019-10-07 10:45:00",215.9158,221.919,227.9222,"AAPL"
"2019-10-07 10:30:00",215.939,221.8825,227.8259,"AAPL"
"2019-10-07 10:15:00",215.9618,221.8454,227.7289,"AAPL"
"2019-10-07 10:00:00",215.9704,221.8112,227.652,"AAPL"
"2019-10-07 09:45:00",215.9778,221.7785,227.5792,"AAPL"
"2019-10-04 16:00:00",215.9771,221.7468,227.5164,"AAPL"
"2019-10-04 15:45:00",215.983,221.7158,227.4486,"AAPL"
"2019-10-04 15:30:00",215.9762,221.6824,227.3885,"AAPL"
"2019-10-04 15:15:00",215.9669,221.6455,227.3241,"AAPL"
"2019-10-04 15:00:00",215.9658,221.6064,227.247,"AAPL"
"2019-10-04 14:45:00",215.9705,221.5647,227.1589,"AAPL"
"2019-10-04 14:30:00",215.9538,221.5206,227.0873,"AAPL"
"2019-10-04 14:15:00",215.948,221.4782,227.0083,"AAPL"
"2019-10-04 14:00:00",215.9474,221.4431,226.9388,"AAPL"
"2019-10-04 13:45:00",215.9272,221.4019,226.8765,"AAPL"
"2019-10-04 13:30:00",215.9076,221.3607,226.8138,"AAPL"
"2019-10-04 13:15:00",215.8977,221.3234,226.7491,"AAPL"
"2019-10-04 13:00:00",215.8834,221.2854,226.6874,"AAPL"
"2019-10-04 12:45:00",215.8682,221.25,226.6319,"AAPL"
"2019-10-04 12:30:00",215.8681,221.2186,226.569,"AAPL"
"2019-10-04 12:15:00",215.8658,221.1848,226.5038,"AAPL"
"2019-10-04 12:00:00",215.8466,221.1433,226.44,"AAPL"
"2019-10-04 11:45:00",215.8288,221.1044,226.38,"AAPL"
"2019-10-04 11:30:00",215.7994,221.0619,226.3244,"AAPL"
"2019-10-04 11:15:00",215.7822,221.0215,226.2607,"AAPL"
"2019-10-04 11:00:00",215.7537,220.9829,226.2122,"AAPL"
"2019-10-04 10:45:00",215.7316,220.9497,226.1678,"AAPL"
"2019-10-04 10:30:00",215.7095,220.9178,226.1261,"AAPL"
"2019-10-04 10:15:00",215.71,220.8913,226.0726,"AAPL"
"2019-10-04 10:00:00",215.7058,220.8627,226.0196,"AAPL"
"2019-10-04 09:45:00",215.6975,220.8337,225.9699,"AAPL"
"2019-10-03 16:00:00",215.7159,220.8071,225.8983,"AAPL"
"2019-10-03 15:45:00",215.718,220.8087,225.8994,"AAPL"
"2019-10-03 15:30:00",215.722,220.8117,225.9014,"AAPL"
"2019-10-03 15:15:00",215.7273,220.8157,225.904,"AAPL"
"2019-10-03 15:00:00",215.7321,220.8192,225.9063,"AAPL"
"2019-10-03 14:45:00",215.7389,220.8257,225.9125,"AAPL"
"2019-10-03 14:30:00",215.744,220.8327,225.9214,"AAPL"
"2019-10-03 14:15:00",215.7502,220.8429,225.9356,"AAPL"
"2019-10-03 14:00:00",215.7519,220.8446,225.9374,"AAPL"
"2019-10-03 13:45:00",215.7433,220.8394,225.9354,"AAPL"
"2019-10-03 13:30:00",215.7357,220.8346,225.9335,"AAPL"
"2019-10-03 13:15:00",215.73,220.8309,225.9319,"AAPL"
"2019-10-03 13:00:00",215.7201,220.8249,225.9297,"AAPL"
"2019-10-03 12:45:00",215.7151,220.822,225.9288,"AAPL"
"2019-10-03 12:30:00",215.7106,220.8196,225.9285,"AAPL"
"2019-10-03 12:15:00",215.7118,220.8201,225.9285,"AAPL"
"2019-10-03 12:00:00",215.717,220.8223,225.9276,"AAPL"
"2019-10-03 11:45:00",215.717,220.8223,225.9276,"AAPL"
"2019-10-03 11:30:00",215.7175,220.8225,225.9275,"AAPL"
"2019-10-03 11:15:00",215.7146,220.8214,225.9281,"AAPL"
"2019-10-03 11:00:00",215.7307,220.8267,225.9226,"AAPL"
"2019-10-03 10:45:00",215.7655,220.8372,225.9088,"AAPL"
"2019-10-03 10:30:00",215.8019,220.8481,225.8943,"AAPL"
"2019-10-03 10:15:00",215.8562,220.8633,225.8704,"AAPL"
"2019-10-03 10:00:00",215.8624,220.8655,225.8685,"AAPL"
"2019-10-03 09:45:00",215.8758,220.8701,225.8644,"AAPL"
"2019-10-02 16:00:00",215.883,220.8727,225.8624,"AAPL"
"2019-10-02 15:45:00",215.8665,220.8662,225.8659,"AAPL"
"2019-10-02 15:30:00",215.8496,220.86,225.8703,"AAPL"
"2019-10-02 15:15:00",215.8352,220.8544,225.8736,"AAPL"
"2019-10-02 15:00:00",215.8207,220.849,225.8773,"AAPL"
"2019-10-02 14:45:00",215.8008,220.8419,225.8831,"AAPL"
"2019-10-02 14:30:00",215.7924,220.8386,225.8849,"AAPL"
"2019-10-02 14:15:00",215.7966,220.8404,225.8841,"AAPL"
"2019-10-02 14:00:00",215.7986,220.8411,225.8836,"AAPL"
"2019-10-02 13:45:00",215.7985,220.8411,225.8836,"AAPL"
"2019-10-02 13:30:00",215.7941,220.8393,225.8845,"AAPL"
"2019-10-02 13:15:00",215.7992,220.8417,225.8842,"AAPL"
"2019-10-02 13:00:00",215.8118,220.8467,225.8816,"AAPL"
"2019-10-02 12:45:00",215.8279,220.8532,225.8786,"AAPL"
"2019-10-02 12:30:00",215.8354,220.8565,225.8775,"AAPL"
"2019-10-02 12:15:00",215.8288,220.8541,225.8794,"AAPL"
"2019-10-02 12:00:00",215.8201,220.8507,225.8813,"AAPL"
"2019-10-02 11:45:00",215.8044,220.8449,225.8854,"AAPL"
"2019-10-02 11:30:00",215.7964,220.8412,225.8861,"AAPL"
"2019-10-02 11:15:00",215.7828,220.8351,225.8874,"AAPL"
"2019-10-02 11:00:00",215.7869,220.8376,225.8883,"AAPL"
"2019-10-02 10:45:00",215.7942,220.8422,225.8901,"AAPL"
"2019-10-02 10:30:00",215.7954,220.8431,225.8909,"AAPL"
"2019-10-02 10:15:00",215.797,220.8449,225.8928,"AAPL"
"2019-10-02 10:00:00",215.7964,220.844,225.8916,"AAPL"
"2019-10-02 09:45:00",215.7953,220.8424,225.8895,"AAPL"
"2019-10-01 16:00:00",215.797,220.8361,225.8752,"AAPL"
"2019-10-01 15:45:00",215.8134,220.8202,225.8269,"AAPL"
"2019-10-01 15:30:00",215.8334,220.8038,225.7742,"AAPL"
"2019-10-01 15:15:00",215.8522,220.7885,225.7248,"AAPL"
"2019-10-01 15:00:00",215.8726,220.7718,225.671,"AAPL"
"2019-10-01 14:45:00",215.8953,220.7533,225.6113,"AAPL"
"2019-10-01 14:30:00",215.9146,220.7377,225.5609,"AAPL"
"2019-10-01 14:15:00",215.9348,220.7226,225.5104,"AAPL"
"2019-10-01 14:00:00",215.9528,220.7051,225.4573,"AAPL"
"2019-10-01 13:45:00",215.974,220.6851,225.3961,"AAPL"
"2019-10-01 13:30:00",215.9975,220.666,225.3346,"AAPL"
"2019-10-01 13:15:00",216.0181,220.6478,225.2775,"AAPL"
"2019-10-01 13:00:00",216.0447,220.6263,225.208,"AAPL"
"2019-10-01 12:45:00",216.0868,220.6007,225.1147,"AAPL"
"2019-10-01 12:30:00",216.1188,220.5798,225.0409,"AAPL"
"2019-10-01 12:15:00",216.1528,220.5591,224.9655,"AAPL"
"2019-10-01 12:00:00",216.2018,220.5357,224.8696,"AAPL"
"2019-10-01 11:45:00",216.259,220.5071,224.7551,"AAPL"
"2019-10-01 11:30:00",216.3479,220.4748,224.6017,"AAPL"
"2019-10-01 11:15:00",216.4124,220.4475,224.4827,"AAPL"
"2019-10-01 11:00:00",216.4676,220.4237,224.3799,"AAPL"
"2019-10-01 10:45:00",216.5365,220.3972,224.258,"AAPL"
"2019-10-01 10:30:00",216.6129,220.3686,224.1242,"AAPL"
"2019-10-01 10:15:00",216.6818,220.3463,224.0108,"AAPL"
"2019-10-01 10:00:00",216.8101,220.3168,223.8234,"AAPL"
"2019-10-01 09:45:00",216.915,220.2919,223.6689,"AAPL"
"2019-09-30 16:00:00",216.9542,220.2795,223.6048,"AAPL"
"2019-09-30 15:45:00",216.9707,220.2733,223.576,"AAPL"
"2019-09-30 15:30:00",216.9837,220.2691,223.5546,"AAPL"
"2019-09-30 15:15:00",216.9955,220.2655,223.5356,"AAPL"
"2019-09-30 15:00:00",217.0131,220.2598,223.5065,"AAPL"
"2019-09-30 14:45:00",217.0332,220.2533,223.4735,"AAPL"
"2019-09-30 14:30:00",217.0501,220.2477,223.4454,"AAPL"
"2019-09-30 14:15:00",217.0664,220.2422,223.418,"AAPL"
"2019-09-30 14:00:00",217.0934,220.2325,223.3717,"AAPL"
"2019-09-30 13:45:00",217.1168,220.2243,223.3318,"AAPL"
"2019-09-30 13:30:00",217.1425,220.2145,223.2865,"AAPL"
"2019-09-30 13:15:00",217.1747,220.2016,223.2285,"AAPL"
"2019-09-30 13:00:00",217.2153,220.1835,223.1517,"AAPL"
"2019-09-30 12:45:00",217.252,220.1655,223.0789,"AAPL"
"2019-09-30 12:30:00",217.2819,220.1452,223.0085,"AAPL"
"2019-09-30 12:15:00",217.3065,220.1276,222.9487,"AAPL"
"2019-09-30 12:00:00",217.326,220.1177,222.9094,"AAPL"
"2019-09-30 11:45:00",217.3496,220.1062,222.8627,"AAPL"
"2019-09-30 11:30:00",217.3715,220.0941,222.8166,"AAPL"
"2019-09-30 11:15:00",217.3878,220.0845,222.7812,"AAPL"
"2019-09-30 11:00:00",217.4003,220.0773,222.7542,"AAPL"
"2019-09-30 10:45:00",217.4031,220.075,222.7469,"AAPL"
"2019-09-30 10:30:00",217.4048,220.0738,222.7427,"AAPL"
"2019-09-30 10:15:00",217.407,220.0723,222.7375,"AAPL"
"2019-09-30 10:00:00",217.4061,220.0729,222.7397,"AAPL"
"2019-09-30 09:45:00",217.4057,220.0731,222.7405,"AAPL"
"2019-09-27 16:00:00",217.4013,220.0765,222.7516,"AAPL"
"2019-09-27 15:45:00",217.4104,220.0933,222.7762,"AAPL"
"2019-09-27 15:30:00",217.4265,220.1128,222.7991,"AAPL"
"2019-09-27 15:15:00",217.4519,220.1334,222.8148,"AAPL"
"2019-09-27 15:00:00",217.4844,220.1575,222.8305,"AAPL"
"2019-09-27 14:45:00",217.5108,220.1781,222.8453,"AAPL"
"2019-09-27 14:30:00",217.5345,220.1966,222.8587,"AAPL"
"2019-09-27 14:15:00",217.5572,220.2117,222.8662,"AAPL"
"2019-09-27 14:00:00",217.5768,220.2223,222.8679,"AAPL"
"2019-09-27 13:45:00",217.5946,220.2309,222.8673,"AAPL"
"2019-09-27 13:30:00",217.617,220.24,222.8629,"AAPL"
"2019-09-27 13:15:00",217.6342,220.247,222.8597,"AAPL"
"2019-09-27 13:00:00",217.6587,220.256,222.8532,"AAPL"
"2019-09-27 12:45:00",217.6681,220.2606,222.853,"AAPL"
"2019-09-27 12:30:00",217.6759,220.2643,222.8527,"AAPL"
"2019-09-27 12:15:00",217.6772,220.2651,222.853,"AAPL"
"2019-09-27 12:00:00",217.6794,220.2664,222.8535,"AAPL"
"2019-09-27 11:45:00",217.6947,220.273,222.8514,"AAPL"
"2019-09-27 11:30:00",217.6933,220.2717,222.8501,"AAPL"
"2019-09-27 11:15:00",217.6913,220.2697,222.848,"AAPL"
"2019-09-27 11:00:00",217.6886,220.2674,222.8461,"AAPL"
"2019-09-27 10:45:00",217.6879,220.2669,222.8459,"AAPL"
"2019-09-27 10:30:00",217.6871,220.2663,222.8455,"AAPL"
"2019-09-27 10:15:00",217.6856,220.2652,222.8448,"AAPL"
"2019-09-27 10:00:00",217.6858,220.2654,222.845,"AAPL"
"2019-09-27 09:45:00",217.6844,220.2638,222.8433,"AAPL"
"2019-09-26 16:00:00",217.6832,220.2623,222.8415,"AAPL"
"2019-09-26 15:45:00",217.6821,220.2614,222.8406,"AAPL"
"2019-09-26 15:30:00",217.6779,220.258,222.8381,"AAPL"
"2019-09-26 15:15:00",217.6762,220.2568,222.8374,"AAPL"
"2019-09-26 15:00:00",217.6717,220.2542,222.8367,"AAPL"
"2019-09-26 14:45:00",217.6675,220.2511,222.8348,"AAPL"
"2019-09-26 14:30:00",217.6606,220.2469,222.8333,"AAPL"
"2019-09-26 14:15:00",217.6594,220.2456,222.8317,"AAPL"
"2019-09-26 14:00:00",217.6564,220.2435,222.8306,"AAPL"
"2019-09-26 13:45:00",217.6548,220.2424,222.83,"AAPL"
"2019-09-26 13:30:00",217.6536,220.2417,222.8298,"AAPL"
"2019-09-26 13:15:00",217.6526,220.241,222.8295,"AAPL"
"2019-09-26 13:00:00",217.6515,220.2404,222.8293,"AAPL"
"2019-09-26 12:45:00",217.6495,220.2391,222.8288,"AAPL"
"2019-09-26 12:30:00",217.6469,220.2373,222.8276,"AAPL"
"2019-09-26 12:15:00",217.6433,220.235,222.8267,"AAPL"
"2019-09-26 12:00:00",217.6435,220.2352,222.8268,"AAPL"
"2019-09-26 11:45:00",217.641,220.2336,222.8262,"AAPL"
"2019-09-26 11:30:00",217.6399,220.2331,222.8263,"AAPL"
"2019-09-26 11:15:00",217.635,220.2307,222.8264,"AAPL"
"2019-09-26 11:00:00",217.626,220.2262,222.8263,"AAPL"
"2019-09-26 10:45:00",217.6159,220.2212,222.8265,"AAPL"
"2019-09-26 10:30:00",217.6098,220.218,222.8262,"AAPL"
"2019-09-26 10:15:00",217.6057,220.2162,222.8267,"AAPL"
"2019-09-26 10:00:00",217.6031,220.2152,222.8274,"AAPL"
"2019-09-26 09:45:00",217.6112,220.2193,222.8275,"AAPL"
"2019-09-25 16:00:00",217.6136,220.2208,222.8279,"AAPL"
"2019-09-25 15:45:00",217.6085,220.2122,222.816,"AAPL"
"2019-09-25 15:30:00",217.5943,220.2017,222.8092,"AAPL"
"2019-09-25 15:15:00",217.5796,220.1904,222.8013,"AAPL"
"2019-09-25 15:00:00",217.5574,220.1797,222.8021,"AAPL"
"2019-09-25 14:45:00",217.5454,220.1734,222.8014,"AAPL"
"2019-09-25 14:30:00",217.542,220.1708,222.7996,"AAPL"
"2019-09-25 14:15:00",217.5161,220.1589,222.8017,"AAPL"
"2019-09-25 14:00:00",217.4958,220.1487,222.8016,"AAPL"
"2019-09-25 13:45:00",217.4832,220.1423,222.8014,"AAPL"
"2019-09-25 13:30:00",217.4737,220.1373,222.8009,"AAPL"
"2019-09-25 13:15:00",217.462,220.1306,222.7991,"AAPL"
"2019-09-25 13:00:00",217.4574,220.1274,222.7973,"AAPL"
"2019-09-25 12:45:00",217.4536,220.1238,222.794,"AAPL"
"2019-09-25 12:30:00",217.4374,220.1139,222.7903,"AAPL"
"2019-09-25 12:15:00",217.4284,220.1072,222.786,"AAPL"
"2019-09-25 12:00:00",217.3823,220.092,222.8017,"AAPL"
"2019-09-25 11:45:00",217.3365,220.0765,222.8166,"AAPL"
"2019-09-25 11:30:00",217.3001,220.064,222.8279,"AAPL"
"2019-09-25 11:15:00",217.2708,220.0517,222.8325,"AAPL"
"2019-09-25 11:00:00",217.2462,220.0434,222.8406,"AAPL"
"2019-09-25 10:45:00",217.2151,220.0348,222.8546,"AAPL"
"2019-09-25 10:30:00",217.1961,220.0289,222.8617,"AAPL"
"2019-09-25 10:15:00",217.1856,220.0253,222.8651,"AAPL"
"2019-09-25 10:00:00",217.1892,220.0263,222.8634,"AAPL"
"2019-09-25 09:45:00",217.1927,220.0275,222.8622,"AAPL"
"2019-09-24 16:00:00",217.1868,220.025,222.8631,"AAPL"
"2019-09-24 15:45:00",217.2011,220.0294,222.8577,"AAPL"
"2019-09-24 15:30:00",217.2157,220.0338,222.852,"AAPL"
"2019-09-24 15:15:00",217.2147,220.0335,222.8524,"AAPL"
"2019-09-24 15:00:00",217.2284,220.0386,222.8489,"AAPL"
"2019-09-24 14:45:00",217.2345,220.0408,222.847,"AAPL"
"2019-09-24 14:30:00",217.2377,220.0428,222.8478,"AAPL"
"2019-09-24 14:15:00",217.2478,220.051,222.8542,"AAPL"
"2019-09-24 14:00:00",217.276,220.0605,222.845,"AAPL"
"2019-09-24 13:45:00",217.2558,220.0931,222.9305,"AAPL"
"2019-09-24 13:30:00",217.2523,220.1297,223.0071,"AAPL"
"2019-09-24 13:15:00",217.2364,220.1642,223.0921,"AAPL"
"2019-09-24 13:00:00",217.2203,220.2017,223.1832,"AAPL"
"2019-09-24 12:45:00",217.1912,220.2369,223.2826,"AAPL"
"2019-09-24 12:30:00",217.1687,220.2708,223.3728,"AAPL"
"2019-09-24 12:15:00",217.1252,220.2981,223.4711,"AAPL"
"2019-09-24 12:00:00",217.0877,220.3281,223.5685,"AAPL"
"2019-09-24 11:45:00",217.0507,220.3605,223.6703,"AAPL"
"2019-09-24 11:30:00",217.007,220.3845,223.762,"AAPL"
"2019-09-24 11:15:00",216.9583,220.4084,223.8585,"AAPL"
"2019-09-24 11:00:00",216.9088,220.4324,223.956,"AAPL"
"2019-09-24 10:45:00",216.8645,220.4552,224.0459,"AAPL"
"2019-09-24 10:30:00",216.824,220.4779,224.1319,"AAPL"
"2019-09-24 10:15:00",216.7768,220.4988,224.2207,"AAPL"
"2019-09-24 10:00:00",216.7272,220.5183,224.3095,"AAPL"
"2019-09-24 09:45:00",216.6899,220.5333,224.3766,"AAPL"
"2019-09-23 16:00:00",216.6493,220.5557,224.4622,"AAPL"
"2019-09-23 15:45:00",216.632,220.5825,224.533,"AAPL"
"2019-09-23 15:30:00",216.6211,220.6068,224.5924,"AAPL"
"2019-09-23 15:15:00",216.5916,220.6357,224.6798,"AAPL"
"2019-09-23 15:00:00",216.5598,220.6683,224.7768,"AAPL"
"2019-09-23 14:45:00",216.5377,220.697,224.8563,"AAPL"
"2019-09-23 14:30:00",216.5348,220.7209,224.907,"AAPL"
"2019-09-23 14:15:00",216.537,220.7425,224.9479,"AAPL"
"2019-09-23 14:00:00",216.532,220.7699,225.0078,"AAPL"
"2019-09-23 13:45:00",216.5444,220.7889,225.0333,"AAPL"
"2019-09-23 13:30:00",216.5604,220.8055,225.0507,"AAPL"
"2019-09-23 13:15:00",216.5823,220.8236,225.0649,"AAPL"
"2019-09-23 13:00:00",216.6051,220.8412,225.0772,"AAPL"
"2019-09-23 12:45:00",216.6257,220.8573,225.0888,"AAPL"
"2019-09-23 12:30:00",216.6458,220.8732,225.1006,"AAPL"
"2019-09-23 12:15:00",216.6641,220.8889,225.1137,"AAPL"
"2019-09-23 12:00:00",216.6882,220.9074,225.1265,"AAPL"
"2019-09-23 11:45:00",216.7094,220.9245,225.1396,"AAPL"
"2019-09-23 11:30:00",216.7305,220.9419,225.1533,"AAPL"
"2019-09-23 11:15:00",216.7611,220.9653,225.1695,"AAPL"
"2019-09-23 11:00:00",216.7965,220.988,225.1795,"AAPL"
"2019-09-23 10:45:00",216.8295,221.009,225.1885,"AAPL"
"2019-09-23 10:30:00",216.8654,221.0298,225.1942,"AAPL"
"2019-09-23 10:15:00",216.908,221.0532,225.1984,"AAPL"
"2019-09-23 10:00:00",216.9382,221.0714,225.2047,"AAPL"
"2019-09-23 09:45:00",216.9595,221.0866,225.2137,"AAPL"
"2019-09-20 16:00:00",216.9815,221.0966,225.2117,"AAPL"
"2019-09-20 15:45:00",217.0025,221.1056,225.2087,"AAPL"
"2019-09-20 15:30:00",217.0227,221.1137,225.2047,"AAPL"
"2019-09-20 15:15:00",217.0329,221.119,225.205,"AAPL"
"2019-09-20 15:00:00",217.0397,221.1219,225.204,"AAPL"
"2019-09-20 14:45:00",217.0498,221.1272,225.2045,"AAPL"
"2019-09-20 14:30:00",217.0569,221.1302,225.2035,"AAPL"
"2019-09-20 14:15:00",217.0772,221.1368,225.1964,"AAPL"
"2019-09-20 14:00:00",217.0637,221.1333,225.2029,"AAPL"
"2019-09-20 13:45:00",216.9825,221.1183,225.2541,"AAPL"
"2019-09-20 13:30:00",216.8693,221.0962,225.3232,"AAPL"
"2019-09-20 13:15:00",216.7576,221.0749,225.3923,"AAPL"
"2019-09-20 13:00:00",216.6233,221.0449,225.4665,"AAPL"
"2019-09-20 12:45:00",216.4708,221.0108,225.5507,"AAPL"
"2019-09-20 12:30:00",216.3377,220.9784,225.6191,"AAPL"
"2019-09-20 12:15:00",216.2073,220.944,225.6806,"AAPL"
"2019-09-20 12:00:00",216.0649,220.9074,225.7499,"AAPL"
"2019-09-20 11:45:00",215.9571,220.8758,225.7944,"AAPL"
"2019-09-20 11:30:00",215.8532,220.8413,225.8294,"AAPL"
"2019-09-20 11:15:00",215.7248,220.8026,225.8803,"AAPL"
"2019-09-20 11:00:00",215.6111,220.765,225.919,"AAPL"
"2019-09-20 10:45:00",215.485,220.7246,225.9641,"AAPL"
"2019-09-20 10:30:00",215.3664,220.686,226.0055,"AAPL"
"2019-09-20 10:15:00",215.2306,220.6451,226.0597,"AAPL"
"2019-09-20 10:00:00",215.1127,220.6055,226.0983,"AAPL"
"2019-09-20 09:45:00",214.9714,220.561,226.1506,"AAPL"
"2019-09-19 16:00:00",214.838,220.5204,226.2028,"AAPL"
"2019-09-19 15:45:00",214.7125,220.4818,226.2511,"AAPL"
"2019-09-19 15:30:00",214.5779,220.4401,226.3023,"AAPL"
"2019-09-19 15:15:00",214.4579,220.4009,226.3439,"AAPL"
"2019-09-19 15:00:00",214.3412,220.3629,226.3846,"AAPL"
"2019-09-19 14:45:00",214.2169,220.3233,226.4297,"AAPL"
"2019-09-19 14:30:00",214.0958,220.2826,226.4694,"AAPL"
"2019-09-19 14:15:00",213.9381,220.2349,226.5317,"AAPL"
"2019-09-19 14:00:00",213.8482,220.1983,226.5484,"AAPL"
"2019-09-19 13:45:00",213.7616,220.1654,226.5692,"AAPL"
"2019-09-19 13:30:00",213.6813,220.1321,226.5829,"AAPL"
"2019-09-19 13:15:00",213.6045,220.0996,226.5947,"AAPL"
"2019-09-19 13:00:00",213.5201,220.0642,226.6083,"AAPL"
"2019-09-19 12:45:00",213.435,220.0288,226.6226,"AAPL"
"2019-09-19 12:30:00",213.3485,219.9941,226.6397,"AAPL"
"2019-09-19 12:15:00",213.2651,219.9554,226.6457,"AAPL"
"2019-09-19 12:00:00",213.1917,219.9174,226.6431,"AAPL"
"2019-09-19 11:45:00",213.1136,219.8773,226.641,"AAPL"
"2019-09-19 11:30:00",213.0349,219.8355,226.6361,"AAPL"
"2019-09-19 11:15:00",212.9691,219.7957,226.6223,"AAPL"
"2019-09-19 11:00:00",212.9147,219.7551,226.5956,"AAPL"
"2019-09-19 10:45:00",212.8572,219.7124,226.5677,"AAPL"
"2019-09-19 10:30:00",212.7972,219.6715,226.5457,"AAPL"
"2019-09-19 10:15:00",212.7535,219.6351,226.5168,"AAPL"
"2019-09-19 10:00:00",212.7208,219.6022,226.4837,"AAPL"
"2019-09-19 09:45:00",212.6813,219.5674,226.4535,"AAPL"
"2019-09-18 16:00:00",212.6479,219.538,226.4282,"AAPL"
"2019-09-18 15:45:00",212.6058,219.5046,226.4034,"AAPL"
"2019-09-18 15:30:00",212.5566,219.4711,226.3857,"AAPL"
"2019-09-18 15:15:00",212.5047,219.439,226.3733,"AAPL"
"2019-09-18 15:00:00",212.4525,219.4107,226.3688,"AAPL"
"2019-09-18 14:45:00",212.4008,219.3832,226.3655,"AAPL"
"2019-09-18 14:30:00",212.3531,219.3597,226.3663,"AAPL"
"2019-09-18 14:15:00",212.313,219.3379,226.3627,"AAPL"
"2019-09-18 14:00:00",212.2554,219.3053,226.3552,"AAPL"
"2019-09-18 13:45:00",212.1774,219.268,226.3586,"AAPL"
"2019-09-18 13:30:00",212.1052,219.2333,226.3614,"AAPL"
"2019-09-18 13:15:00",212.0284,219.1964,226.3644,"AAPL"
"2019-09-18 13:00:00",211.9534,219.1586,226.3639,"AAPL"
"2019-09-18 12:45:00",211.8795,219.12,226.3605,"AAPL"
"2019-09-18 12:30:00",211.8066,219.0802,226.3537,"AAPL"
"2019-09-18 12:15:00",211.739,219.0417,226.3443,"AAPL"
"2019-09-18 12:00:00",211.6741,219.0018,226.3296,"AAPL"
"2019-09-18 11:45:00",211.6076,218.962,226.3165,"AAPL"
"2019-09-18 11:30:00",211.5372,218.9197,226.3023,"AAPL"
"2019-09-18 11:15:00",211.4645,218.8758,226.2871,"AAPL"
"2019-09-18 11:00:00",211.3894,218.8304,226.2715,"AAPL"
"2019-09-18 10:45:00",211.3118,218.7851,226.2584,"AAPL"
"2019-09-18 10:30:00",211.2335,218.7374,226.2414,"AAPL"
"2019-09-18 10:15:00",211.1526,218.6905,226.2285,"AAPL"
"2019-09-18 10:00:00",211.0729,218.6447,226.2165,"AAPL"
"2019-09-18 09:45:00",211.0005,218.6031,226.2057,"AAPL"
"2019-09-17 16:00:00",210.9281,218.5648,226.2015,"AAPL"
"2019-09-17 15:45:00",210.8608,218.5293,226.1978,"AAPL"
"2019-09-17 15:30:00",210.7905,218.4939,226.1973,"AAPL"
"2019-09-17 15:15:00",210.7238,218.46,226.1963,"AAPL"
"2019-09-17 15:00:00",210.6508,218.4241,226.1975,"AAPL"
"2019-09-17 14:45:00",210.5812,218.3888,226.1965,"AAPL"
"2019-09-17 14:30:00",210.514,218.3544,226.1949,"AAPL"
"2019-09-17 14:15:00",210.451,218.321,226.191,"AAPL"
"2019-09-17 14:00:00",210.4051,218.2923,226.1795,"AAPL"
"2019-09-17 13:45:00",210.3411,218.2576,226.1742,"AAPL"
"2019-09-17 13:30:00",210.2765,218.2225,226.1685,"AAPL"
"2019-09-17 13:15:00",210.2154,218.1882,226.161,"AAPL"
"2019-09-17 13:00:00",210.1529,218.154,226.1552,"AAPL"
"2019-09-17 12:45:00",210.0832,218.1177,226.1523,"AAPL"
"2019-09-17 12:30:00",210.0088,218.0799,226.151,"AAPL"
"2019-09-17 12:15:00",209.9348,218.042,226.1493,"AAPL"
"2019-09-17 12:00:00",209.8593,218.002,226.1446,"AAPL"
"2019-09-17 11:45:00",209.7832,217.9619,226.1405,"AAPL"
"2019-09-17 11:30:00",209.7083,217.9214,226.1345,"AAPL"
"2019-09-17 11:15:00",209.6296,217.8804,226.1312,"AAPL"
"2019-09-17 11:00:00",209.5577,217.8427,226.1277,"AAPL"
"2019-09-17 10:45:00",209.4891,217.8051,226.1212,"AAPL"
"2019-09-17 10:30:00",209.4201,217.7689,226.1177,"AAPL"
"2019-09-17 10:15:00",209.3574,217.7334,226.1094,"AAPL"
"2019-09-17 10:00:00",209.2924,217.6984,226.1045,"AAPL"
"2019-09-17 09:45:00",209.2352,217.6615,226.0878,"AAPL"
"2019-09-16 16:00:00",209.1786,217.627,226.0754,"AAPL"
"2019-09-16 15:45:00",209.1221,217.5919,226.0617,"AAPL"
"2019-09-16 15:30:00",209.0671,217.5579,226.0486,"AAPL"
"2019-09-16 15:15:00",209.012,217.5227,226.0333,"AAPL"
"2019-09-16 15:00:00",208.9631,217.4898,226.0166,"AAPL"
"2019-09-16 14:45:00",208.9129,217.4566,226.0003,"AAPL"
"2019-09-16 14:30:00",208.864,217.423,225.9821,"AAPL"
"2019-09-16 14:15:00",208.8199,217.3919,225.9639,"AAPL"
"2019-09-16 14:00:00",208.7582,217.353,225.9477,"AAPL"
"2019-09-16 13:45:00",208.6381,217.3011,225.9642,"AAPL"
"2019-09-16 13:30:00",208.5199,217.2505,225.9811,"AAPL"
"2019-09-16 13:15:00",208.4045,217.2008,225.9971,"AAPL"
"2019-09-16 13:00:00",208.2835,217.1503,226.0171,"AAPL"
"2019-09-16 12:45:00",208.1678,217.101,226.0342,"AAPL"
"2019-09-16 12:30:00",208.052,217.0501,226.0482,"AAPL"
"2019-09-16 12:15:00",207.9338,216.9989,226.064,"AAPL"
"2019-09-16 12:00:00",207.8158,216.9481,226.0805,"AAPL"
"2019-09-16 11:45:00",207.7086,216.8945,226.0805,"AAPL"
"2019-09-16 11:30:00",207.6048,216.8418,226.0789,"AAPL"
"2019-09-16 11:15:00",207.4966,216.7892,226.0818,"AAPL"
"2019-09-16 11:00:00",207.3843,216.7389,226.0935,"AAPL"
"2019-09-16 10:45:00",207.2581,216.6854,226.1128,"AAPL"
"2019-09-16 10:30:00",207.1341,216.6342,226.1344,"AAPL"
"2019-09-16 10:15:00",207.0087,216.5797,226.1508,"AAPL"
"2019-09-16 10:00:00",206.89,216.5224,226.1548,"AAPL"
"2019-09-16 09:45:00",206.774,216.4729,226.1719,"AAPL"
"2019-09-13 16:00:00",206.6546,216.421,226.1874,"AAPL"
"2019-09-13 15:45:00",206.5317,216.366,226.2004,"AAPL"
"2019-09-13 15:30:00",206.4106,216.3102,226.2098,"AAPL"
"2019-09-13 15:15:00",206.2845,216.2532,226.222,"AAPL"
"2019-09-13 15:00:00",206.1617,216.1936,226.2256,"AAPL"
"2019-09-13 14:45:00",206.042,216.1333,226.2247,"AAPL"
"2019-09-13 14:30:00",205.9226,216.078,226.2334,"AAPL"
"2019-09-13 14:15:00",205.8158,216.0227,226.2296,"AAPL"
"2019-09-13 14:00:00",205.7167,215.9787,226.2406,"AAPL"
"2019-09-13 13:45:00",205.5623,215.9219,226.2814,"AAPL"
"2019-09-13 13:30:00",205.4047,215.8626,226.3204,"AAPL"
"2019-09-13 13:15:00",205.2408,215.7998,226.3588,"AAPL"
"2019-09-13 13:00:00",205.0813,215.7376,226.3939,"AAPL"
"2019-09-13 12:45:00",204.9231,215.6776,226.432,"AAPL"
"2019-09-13 12:30:00",204.7592,215.6133,226.4673,"AAPL"
"2019-09-13 12:15:00",204.5962,215.5468,226.4974,"AAPL"
"2019-09-13 12:00:00",204.4275,215.479,226.5305,"AAPL"
"2019-09-13 11:45:00",204.2608,215.4086,226.5565,"AAPL"
"2019-09-13 11:30:00",204.1015,215.3386,226.5757,"AAPL"
"2019-09-13 11:15:00",203.9469,215.2687,226.5904,"AAPL"
"2019-09-13 11:00:00",203.7946,215.1988,226.6029,"AAPL"
"2019-09-13 10:45:00",203.6459,215.1309,226.6159,"AAPL"
"2019-09-13 10:30:00",203.5026,215.0593,226.616,"AAPL"
"2019-09-13 10:15:00",203.3616,214.9902,226.6187,"AAPL"
"2019-09-13 10:00:00",203.2286,214.9173,226.6061,"AAPL"
"2019-09-13 09:45:00",203.1001,214.8398,226.5795,"AAPL"
"2019-09-12 16:00:00",202.9658,214.7668,226.5678,"AAPL"
"2019-09-12 15:45:00",202.8607,214.6675,226.4743,"AAPL"
"2019-09-12 15:30:00",202.7771,214.5719,226.3667,"AAPL"
"2019-09-12 15:15:00",202.6926,214.4744,226.2563,"AAPL"
"2019-09-12 15:00:00",202.6081,214.3735,226.139,"AAPL"
"2019-09-12 14:45:00",202.5205,214.2701,226.0198,"AAPL"
"2019-09-12 14:30:00",202.4781,214.1789,225.8797,"AAPL"
"2019-09-12 14:15:00",202.4343,214.0852,225.7361,"AAPL"
"2019-09-12 14:00:00",202.396,213.9916,225.5873,"AAPL"
"2019-09-12 13:45:00",202.3952,213.9063,225.4175,"AAPL"
"2019-09-12 13:30:00",202.3884,213.8201,225.2518,"AAPL"
"2019-09-12 13:15:00",202.3816,213.7304,225.0791,"AAPL"
"2019-09-12 13:00:00",202.3835,213.6412,224.8989,"AAPL"
"2019-09-12 12:45:00",202.3877,213.5531,224.7185,"AAPL"
"2019-09-12 12:30:00",202.3966,213.4663,224.5359,"AAPL"
"2019-09-12 12:15:00",202.4149,213.3779,224.341,"AAPL"
"2019-09-12 12:00:00",202.4373,213.2874,224.1374,"AAPL"
"2019-09-12 11:45:00",202.4549,213.1986,223.9424,"AAPL"
"2019-09-12 11:30:00",202.4804,213.1094,223.7384,"AAPL"
"2019-09-12 11:15:00",202.4974,213.0231,223.5489,"AAPL"
"2019-09-12 11:00:00",202.5145,212.9399,223.3653,"AAPL"
"2019-09-12 10:45:00",202.5535,212.8507,223.1479,"AAPL"
"2019-09-12 10:30:00",202.6052,212.7595,222.9139,"AAPL"
"2019-09-12 10:15:00",202.651,212.6712,222.6913,"AAPL"
"2019-09-12 10:00:00",202.6837,212.5897,222.4957,"AAPL"
"2019-09-12 09:45:00",202.7105,212.5098,222.309,"AAPL"
"2019-09-11 16:00:00",202.7554,212.424,222.0926,"AAPL"
"2019-09-11 15:45:00",202.7739,212.3473,221.9208,"AAPL"
"2019-09-11 15:30:00",202.8,212.2782,221.7564,"AAPL"
"2019-09-11 15:15:00",202.8324,212.2117,221.591,"AAPL"
"2019-09-11 15:00:00",202.8607,212.1438,221.427,"AAPL"
"2019-09-11 14:45:00",202.8913,212.077,221.2627,"AAPL"
"2019-09-11 14:30:00",202.9318,212.0128,221.0938,"AAPL"
"2019-09-11 14:15:00",202.9823,211.9509,220.9195,"AAPL"
"2019-09-11 14:00:00",203.0405,211.8891,220.7376,"AAPL"
"2019-09-11 13:45:00",203.0867,211.8206,220.5545,"AAPL"
"2019-09-11 13:30:00",203.1336,211.7501,220.3665,"AAPL"
"2019-09-11 13:15:00",203.1989,211.6783,220.1578,"AAPL"
"2019-09-11 13:00:00",203.2615,211.6079,219.9543,"AAPL"
"2019-09-11 12:45:00",203.3242,211.5378,219.7515,"AAPL"
"2019-09-11 12:30:00",203.391,211.4698,219.5487,"AAPL"
"2019-09-11 12:15:00",203.4728,211.4037,219.3347,"AAPL"
"2019-09-11 12:00:00",203.5477,211.3371,219.1265,"AAPL"
"2019-09-11 11:45:00",203.6259,211.2701,218.9144,"AAPL"
"2019-09-11 11:30:00",203.6769,211.2086,218.7404,"AAPL"
"2019-09-11 11:15:00",203.728,211.1488,218.5696,"AAPL"
"2019-09-11 11:00:00",203.7763,211.0895,218.4027,"AAPL"
"2019-09-11 10:45:00",203.8371,211.0299,218.2228,"AAPL"
"2019-09-11 10:30:00",203.8835,210.9719,218.0602,"AAPL"
"2019-09-11 10:15:00",203.9534,210.9121,217.8707,"AAPL"
"2019-09-11 10:00:00",204.0043,210.8518,217.6994,"AAPL"
"2019-09-11 09:45:00",204.0506,210.7941,217.5375,"AAPL"
"2019-09-10 16:00:00",204.0654,210.7452,217.425,"AAPL"
"2019-09-10 15:45:00",204.0464,210.7093,217.3721,"AAPL"
"2019-09-10 15:30:00",204.0227,210.6754,217.328,"AAPL"
"2019-09-10 15:15:00",203.9921,210.64,217.2878,"AAPL"
"2019-09-10 15:00:00",203.9716,210.6091,217.2466,"AAPL"
"2019-09-10 14:45:00",203.9489,210.581,217.2131,"AAPL"
"2019-09-10 14:30:00",203.9311,210.5514,217.1716,"AAPL"
"2019-09-10 14:15:00",203.9165,210.5224,217.1284,"AAPL"
"2019-09-10 14:00:00",203.9001,210.4958,217.0916,"AAPL"
"2019-09-10 13:45:00",203.8402,210.4483,217.0565,"AAPL"
"2019-09-10 13:30:00",203.781,210.3998,217.0185,"AAPL"
"2019-09-10 13:15:00",203.7186,210.3561,216.9936,"AAPL"
"2019-09-10 13:00:00",203.6606,210.3105,216.9605,"AAPL"
"2019-09-10 12:45:00",203.5914,210.2652,216.9389,"AAPL"
"2019-09-10 12:30:00",203.5203,210.218,216.9158,"AAPL"
"2019-09-10 12:15:00",203.4474,210.1742,216.901,"AAPL"
"2019-09-10 12:00:00",203.3811,210.1285,216.8758,"AAPL"
"2019-09-10 11:45:00",203.3145,210.0877,216.8608,"AAPL"
"2019-09-10 11:30:00",203.2411,210.0441,216.8471,"AAPL"
"2019-09-10 11:15:00",203.1682,209.9994,216.8306,"AAPL"
"2019-09-10 11:00:00",203.1061,209.9593,216.8125,"AAPL"
"2019-09-10 10:45:00",203.0428,209.9161,216.7893,"AAPL"
"2019-09-10 10:30:00",202.983,209.8733,216.7637,"AAPL"
"2019-09-10 10:15:00",202.9238,209.8326,216.7414,"AAPL"
"2019-09-10 10:00:00",202.8716,209.7932,216.7148,"AAPL"
"2019-09-10 09:45:00",202.8192,209.7611,216.703,"AAPL"
"2019-09-09 16:00:00",202.7805,209.7178,216.6551,"AAPL"
"2019-09-09 15:45:00",202.7283,209.6702,216.612,"AAPL"
"2019-09-09 15:30:00",202.6835,209.6223,216.561,"AAPL"
"2019-09-09 15:15:00",202.6455,209.575,216.5046,"AAPL"
"2019-09-09 15:00:00",202.5938,209.5265,216.4592,"AAPL"
"2019-09-09 14:45:00",202.5471,209.4796,216.4122,"AAPL"
"2019-09-09 14:30:00",202.5025,209.4339,216.3653,"AAPL"
"2019-09-09 14:15:00",202.4414,209.3828,216.3242,"AAPL"
"2019-09-09 14:00:00",202.3964,209.3325,216.2685,"AAPL"
